RecordType;Schema;Name;Type;Id;LoC;References;Dependencies;Abstraction;Instability
1;TKMTS;VW_STATEMENT_GH_CONTRACTS;VIEW;30879740;0;1;0;0;0.0
1;TKMTS;MVW_GH_CONTRACTS;MATERIALIZED VIEW;30879744;0;0;1;0;1.0
1;TKMTS;PAC_DYNAMIC_QUERY_BOOKING_Q;PACKAGE BODY;30879747;8295;0;4;0.00012055455093429777;1.0
1;TKMTS;TR_AIUD_RATEPLAN_SYNCPORTFOLIO;TRIGGER;30880643;60;0;0;0.016666666666666666;0
1;TKMTS;TR_AIU_CO_UNIT_SYNCPORTFOLIO;TRIGGER;30880644;54;0;0;0.018518518518518517;0
1;TKMTS;TR_AIUD_UNITEXCL_SYNCPORTFOLIO;TRIGGER;30880645;36;0;0;0.027777777777777776;0
1;TKMTS;TR_AIUD_CXL_SYNCPORTFOLIO;TRIGGER;30880646;42;0;0;0.023809523809523808;0
1;TKMTS;P_UPDATE_STOCK_CONTRACT_GENXML;PROCEDURE;30878600;100;0;2;0.01;1.0
1;TKMTS;F_ISWELLFORMEDXML;FUNCTION;5760352;38;0;0;0.02631578947368421;0
1;TKMTS;ESB_PUBLICATION_CONTRACT_TRC;TRIGGER;28602708;88;0;0;0.011363636363636364;0
1;TKMTS;MVW_STATEMENT_ADDRESSES;MATERIALIZED VIEW;28602720;0;0;1;0;1.0
1;TKMTS;MVW_STATEMENT_CXLDISTRIBUTOR;MATERIALIZED VIEW;28602726;0;0;1;0;1.0
1;TKMTS;MVW_STATEMENT_MEASURECONCEPTS;MATERIALIZED VIEW;28602730;0;0;0;0;0
1;TKMTS;MVW_STATEMENT_MEASUREUNITS;MATERIALIZED VIEW;28602732;0;0;0;0;0
1;TKMTS;MVW_STATEMENT_PROPERTYCODES;MATERIALIZED VIEW;28602737;0;0;0;0;0
1;TKMTS;MVW_STATEMENT_PROPERTYLISTS;MATERIALIZED VIEW;28602739;0;0;0;0;0
1;TKMTS;MVW_STATEMENT_SERVICETYPES;MATERIALIZED VIEW;28602741;0;0;0;0;0
1;TKMTS;MVW_STATEMENT_STOCKSERVICES_CI;MATERIALIZED VIEW;28602743;0;0;1;0;1.0
1;TKMTS;TR_BIU_OD_COM_CONTROL_ENTITYCK;TRIGGER;30315534;258;0;1;0.003875968992248062;1.0
1;TKMTS;TR_AIU_OD_COM_CONT_STATUSHIS;TRIGGER;30315535;35;0;0;0.02857142857142857;0
1;TKMTS;OD_COM_CONTROL_TRC;TRIGGER;30315533;71;0;0;0.014084507042253521;0
1;TKMTS;ISO_LANGUAGE_TRC;TRIGGER;2998847;82;0;0;0.012195121951219513;0
1;TKMTS;ISO_COUNTRY_TRC;TRIGGER;2998851;82;0;0;0.012195121951219513;0
1;TKMTS;ISO_COUNTRYLNG_TRC;TRIGGER;2998855;82;0;0;0.012195121951219513;0
1;TKMTS;ISO_CURRENCY_TRC;TRIGGER;2998860;82;0;0;0.012195121951219513;0
1;TKMTS;ISO_CURRENCYLNG_TRC;TRIGGER;2998861;82;0;0;0.012195121951219513;0
1;TKMTS;IATA_AIRPORT_TRC;TRIGGER;2998868;82;0;0;0.012195121951219513;0
1;TKMTS;IATA_AIRPORTLNG_TRC;TRIGGER;2998869;82;0;0;0.012195121951219513;0
1;TKMTS;IATA_AIRLINE_TRC;TRIGGER;2998873;82;0;0;0.012195121951219513;0
1;TKMTS;SD_DESTINATION_TRC;TRIGGER;2998877;82;0;0;0.012195121951219513;0
1;TKMTS;TR_CODE_DESTINATION;TRIGGER;2998879;42;0;1;0.023809523809523808;1.0
1;TKMTS;SD_REGION_TRC;TRIGGER;2998883;82;0;0;0.012195121951219513;0
1;TKMTS;TR_CODE_REGION;TRIGGER;2998885;40;0;1;0.025;1.0
1;TKMTS;SD_RESORT_TRC;TRIGGER;2998889;82;0;0;0.012195121951219513;0
1;TKMTS;TR_CODE_RESORT;TRIGGER;2998891;46;0;1;0.021739130434782608;1.0
1;TKMTS;OD_ADDRESS_TRC;TRIGGER;2998898;82;0;0;0.012195121951219513;0
1;TKMTS;OD_COMMUNICATIONTYPE_TRC;TRIGGER;2998902;82;0;0;0.012195121951219513;0
1;TKMTS;OD_COMMUNICATIONTYPELNG_TRC;TRIGGER;2998906;82;0;0;0.012195121951219513;0
1;TKMTS;OD_COMMUNICATION_TRC;TRIGGER;2998910;82;0;0;0.012195121951219513;0
1;TKMTS;OD_ENTITYTYPE_TRC;TRIGGER;2998911;82;0;0;0.012195121951219513;0
1;TKMTS;TR_AIU_OD_CLIENT_NOTIFICATION;TRIGGER;2998915;95;0;2;0.010526315789473684;1.0
1;TKMTS;OD_ENTITY_TRC;TRIGGER;2998919;82;0;0;0.012195121951219513;0
1;TKMTS;TR_AIU_OD_ENTITY_CL_B2B;TRIGGER;2998923;11;0;1;0.09090909090909091;1.0
1;TKMTS;OD_ENTITYADDRESS_TRC;TRIGGER;2998927;82;0;0;0.012195121951219513;0
1;TKMTS;OD_ENTITYCOMMUNICATION_TRC;TRIGGER;2998931;82;0;0;0.012195121951219513;0
1;TKMTS;OD_CONTACT_TRC;TRIGGER;2998935;82;0;0;0.012195121951219513;0
1;TKMTS;OD_INCOMINGAGENCY_TRC;TRIGGER;2998936;82;0;0;0.012195121951219513;0
1;TKMTS;OD_RESORTOFFICE_TRC;TRIGGER;2998940;82;0;0;0.012195121951219513;0
1;TKMTS;OD_PROVIDER_TRC;TRIGGER;2998944;82;0;0;0.012195121951219513;0
1;TKMTS;OD_CLIENT_TRC;TRIGGER;2998951;82;0;0;0.012195121951219513;0
1;TKMTS;OD_STOCK_TRC;TRIGGER;2998953;86;0;0;0.011627906976744186;0
1;TKMTS;TR_AIU_STOCKHIS;TRIGGER;2998956;36;0;0;0.027777777777777776;0
1;TKMTS;GD_CODETYPE_TRC;TRIGGER;2998963;82;0;0;0.012195121951219513;0
1;TKMTS;GD_CODE_TRC;TRIGGER;2998967;82;0;0;0.012195121951219513;0
1;TKMTS;TR_AIU_GDCODE_XML;TRIGGER;2998968;16;0;0;0.0625;0
1;TKMTS;GD_CODELNG_TRC;TRIGGER;2998969;82;0;0;0.012195121951219513;0
1;TKMTS;GD_CODETYPECONFIG_TRC;TRIGGER;2998973;82;0;0;0.012195121951219513;0
1;TKMTS;OD_STOCKUNIT_TRC;TRIGGER;2998981;82;0;0;0.012195121951219513;0
1;TKMTS;PR_PRICECATEGORY_TRC;TRIGGER;2998988;82;0;0;0.012195121951219513;0
1;TKMTS;PR_PRICECONCEPT_TRC;TRIGGER;2998992;82;0;0;0.012195121951219513;0
1;TKMTS;GD_BUSINESSCODETYPE_TRC;TRIGGER;2998996;82;0;0;0.012195121951219513;0
1;TKMTS;GD_STOCKTYPE_TRC;TRIGGER;2999000;82;0;0;0.012195121951219513;0
1;TKMTS;GD_STOCKUNITCODE_TRC;TRIGGER;2999001;82;0;0;0.012195121951219513;0
1;TKMTS;GD_STOCKTYPELNG_TRC;TRIGGER;2999010;82;0;0;0.012195121951219513;0
1;TKMTS;OD_STOCKRESORTOFFICE_TRC;TRIGGER;2999011;82;0;0;0.012195121951219513;0
1;TKMTS;OD_INCOMINGAGENCYCLIENT_TRC;TRIGGER;2999015;82;0;0;0.012195121951219513;0
1;TKMTS;TR_BU_STOCKUNITDIMENSIONTYPE;TRIGGER;2999022;52;0;0;0.019230769230769232;0
1;TKMTS;GD_STOCKUNITDIMENSIONTYPE_TRC;TRIGGER;2999023;82;0;0;0.012195121951219513;0
1;TKMTS;GD_STOCKUNITDIMENSION_TRC;TRIGGER;2999024;82;0;0;0.012195121951219513;0
1;TKMTS;TR_BIU_GD_STOCKUNITDIMENSION;TRIGGER;2999027;116;0;0;0.008620689655172414;0
1;TKMTS;GD_STOCKUNITDIMENSIONLNG_TRC;TRIGGER;2999029;82;0;0;0.012195121951219513;0
1;TKMTS;GD_STOCKUNITCODEDIMENSION_TRC;TRIGGER;2999033;82;0;0;0.012195121951219513;0
1;TKMTS;PR_PRICECONCEPTSETTING_TRC;TRIGGER;2999040;82;0;0;0.012195121951219513;0
1;TKMTS;GD_BUSINESSCODEELEMENT_TRC;TRIGGER;2999041;82;0;0;0.012195121951219513;0
1;TKMTS;OD_STOCK_AC_DETAIL_TRC;TRIGGER;2999045;82;0;0;0.012195121951219513;0
1;TKMTS;F_METERS_BETWEEN_COORDINATES;FUNCTION;28839892;30;0;0;0.03333333333333333;0
1;TKMTS;TR_AIU_OD_STOCK_CL_B2B;TRIGGER;2999049;54;0;1;0.018518518518518517;1.0
1;TKMTS;OD_STOCKSUBSERVICE_TRC;TRIGGER;2999050;82;0;0;0.012195121951219513;0
1;TKMTS;OD_ENTITYCONTACT_TRC;TRIGGER;2999054;82;0;0;0.012195121951219513;0
1;TKMTS;PR_PRICETYPECODE_TRC;TRIGGER;2999058;82;0;0;0.012195121951219513;0
1;TKMTS;PR_PRICETYPECODELNG_TRC;TRIGGER;2999065;82;0;0;0.012195121951219513;0
1;TKMTS;PR_PRICECATEGORYCODE_TRC;TRIGGER;2999069;82;0;0;0.012195121951219513;0
1;TKMTS;PR_PRICECATEGORYCODELNG_TRC;TRIGGER;2999073;82;0;0;0.012195121951219513;0
1;TKMTS;PR_PRICECONCEPTCODE_TRC;TRIGGER;2999074;82;0;0;0.012195121951219513;0
1;TKMTS;PR_PRICECONCEPTCODELNG_TRC;TRIGGER;2999081;82;0;0;0.012195121951219513;0
1;TKMTS;TR_AIU_BUSINESSCODEELVAL_XML;TRIGGER;2999082;16;0;1;0.0625;1.0
1;TKMTS;GD_BUSINESSCODEELEMENTVAL_TRC;TRIGGER;2999086;82;0;0;0.012195121951219513;0
1;TKMTS;GD_STOCKTYPESUBSERVICECODE_TRC;TRIGGER;2999087;82;0;0;0.012195121951219513;0
1;TKMTS;GD_STOCKTYPESUBSERCODELNG_TRC;TRIGGER;2999094;82;0;0;0.012195121951219513;0
1;TKMTS;AU_USER_TRC;TRIGGER;2999098;82;0;0;0.012195121951219513;0
1;TKMTS;AU_APPLICATION_TRC;TRIGGER;2999100;82;0;0;0.012195121951219513;0
1;TKMTS;AU_AUTHENTICATION_TRC;TRIGGER;2999107;82;0;0;0.012195121951219513;0
1;TKMTS;AU_ROLE_TRC;TRIGGER;2999111;82;0;0;0.012195121951219513;0
1;TKMTS;SD_RESORTAIRPORT_TRC;TRIGGER;2999112;82;0;0;0.012195121951219513;0
1;TKMTS;LOG_TRACE_TRC;TRIGGER;2999116;82;0;0;0.012195121951219513;0
1;TKMTS;PR_PRICECATEGORYLNG_TRC;TRIGGER;2999124;82;0;0;0.012195121951219513;0
1;TKMTS;PR_PRICECONCEPTLNG_TRC;TRIGGER;2999128;82;0;0;0.012195121951219513;0
1;TKMTS;HTML_LOG_TRC;TRIGGER;2999129;82;0;0;0.012195121951219513;0
1;TKMTS;HTML_SETUP_TRC;TRIGGER;2999136;82;0;0;0.012195121951219513;0
1;TKMTS;AU_MESSAGE_TRC;TRIGGER;2999140;82;0;0;0.012195121951219513;0
1;TKMTS;AU_MESSAGELNG_TRC;TRIGGER;2999141;82;0;0;0.012195121951219513;0
1;TKMTS;GD_STOCKEXTRACODE_TRC;TRIGGER;2999148;82;0;0;0.012195121951219513;0
1;TKMTS;GD_STOCKEXTRACODELNG_TRC;TRIGGER;2999152;82;0;0;0.012195121951219513;0
1;TKMTS;OD_CONTRACTAGENCY_TRC;TRIGGER;2999156;82;0;0;0.012195121951219513;0
1;TKMTS;OD_STOCKEXTRA_TRC;TRIGGER;2999157;82;0;0;0.012195121951219513;0
1;TKMTS;GD_CONTRACTINGGROUP_TRC;TRIGGER;2999164;82;0;0;0.012195121951219513;0
1;TKMTS;GD_CONTRACTINGGROUPLNG_TRC;TRIGGER;2999168;82;0;0;0.012195121951219513;0
1;TKMTS;OD_ENTITYREMARK_TRC;TRIGGER;2999169;82;0;0;0.012195121951219513;0
1;TKMTS;SL_STOPSALE_TRC;TRIGGER;2999173;82;0;0;0.012195121951219513;0
1;TKMTS;TR_AIU_STOPSALESTATUSHIS;TRIGGER;2999175;28;0;0;0.03571428571428571;0
1;TKMTS;SL_STOPSALE_STOCKUNIT_TRC;TRIGGER;2999176;82;0;0;0.012195121951219513;0
1;TKMTS;ST_TYPE_TRC;TRIGGER;2999177;82;0;0;0.012195121951219513;0
1;TKMTS;ST_CODE_TRC;TRIGGER;2999178;82;0;0;0.012195121951219513;0
1;TKMTS;ST_CLIENT_SETUP_TRC;TRIGGER;2999179;82;0;0;0.012195121951219513;0
1;TKMTS;TR_AIU_CLIENTSETUPSTATUSHIS;TRIGGER;2999180;28;0;0;0.03571428571428571;0
1;TKMTS;ST_CLIENT_SETUPLINE_TRC;TRIGGER;2999181;82;0;0;0.012195121951219513;0
1;TKMTS;PR_PRICEGROUPCODE_TRC;TRIGGER;2999182;82;0;0;0.012195121951219513;0
1;TKMTS;PR_PRICEGROUPCODELNG_TRC;TRIGGER;2999189;82;0;0;0.012195121951219513;0
1;TKMTS;TR_CODE_TRC;TRIGGER;2999190;82;0;0;0.012195121951219513;0
1;TKMTS;CO_CONTRACT_TRC;TRIGGER;2999191;90;0;0;0.011111111111111112;0
1;TKMTS;TR_AIU_CONTRACTSTATUSHIS;TRIGGER;2999195;36;0;0;0.027777777777777776;0
1;TKMTS;TR_CO_CONTRACT_CTRY;TRIGGER;2999196;118;0;1;0.00847457627118644;1.0
1;TKMTS;CO_SEASON_TRC;TRIGGER;2999203;82;0;0;0.012195121951219513;0
1;TKMTS;TR_CO_SEASON_CTRY;TRIGGER;2999204;36;0;3;0.027777777777777776;1.0
1;TKMTS;CO_SEASONDATERANGE_TRC;TRIGGER;2999206;82;0;0;0.012195121951219513;0
1;TKMTS;CO_PRICELINE_TRC;TRIGGER;2999213;82;0;0;0.012195121951219513;0
1;TKMTS;TR_AIU_PRICELINESTATUSHIS;TRIGGER;2999214;20;0;0;0.05;0
1;TKMTS;CO_PRICERATE_TRC;TRIGGER;2999216;82;0;0;0.012195121951219513;0
1;TKMTS;CO_LAYOUT_TRC;TRIGGER;2999224;82;0;0;0.012195121951219513;0
1;TKMTS;CO_LAYOUTPRICETYPE_TRC;TRIGGER;2999228;82;0;0;0.012195121951219513;0
1;TKMTS;TR_BIU_CO_CHDBREAKDOWN;TRIGGER;2999233;60;0;0;0.016666666666666666;0
1;TKMTS;CO_CHDBREAKDOWN_TRC;TRIGGER;2999237;82;0;0;0.012195121951219513;0
1;TKMTS;TR_CO_CHDBREAKDOWN_CTRY;TRIGGER;2999238;36;0;3;0.027777777777777776;1.0
1;TKMTS;TR_CO_ALLOTMENTLINE_CTRY;TRIGGER;2999239;36;0;3;0.027777777777777776;1.0
1;TKMTS;CO_ALLOTMENTLINE_TRC;TRIGGER;2999240;82;0;0;0.012195121951219513;0
1;TKMTS;CO_ALLOTMENTQTY_TRC;TRIGGER;2999248;82;0;0;0.012195121951219513;0
1;TKMTS;TR_CO_ALLOTMENTQTY_CTRY;TRIGGER;2999249;36;0;3;0.027777777777777776;1.0
1;TKMTS;CO_RELEASELINE_TRC;TRIGGER;2999260;82;0;0;0.012195121951219513;0
1;TKMTS;TR_CO_RELEASELINE_CTRY;TRIGGER;2999261;36;0;3;0.027777777777777776;1.0
1;TKMTS;CO_CONTRACTUNIT_TRC;TRIGGER;2999269;82;0;0;0.012195121951219513;0
1;TKMTS;TR_AIU_CO_CONTUNITSTATUSHIS;TRIGGER;2999274;20;0;0;0.05;0
1;TKMTS;CO_EDITIONLAYOUTPRICE_TRC;TRIGGER;2999282;82;0;0;0.012195121951219513;0
1;TKMTS;TR_CO_EDITIONLAYOUTPRICE_CTRY;TRIGGER;2999283;36;0;3;0.027777777777777776;1.0
1;TKMTS;CO_CLIENTVISIBILITY_TRC;TRIGGER;2999288;84;0;0;0.011904761904761904;0
1;TKMTS;TR_CO_CLIENTVISIBILITY_CTRY;TRIGGER;2999292;143;0;1;0.006993006993006993;1.0
1;TKMTS;TR_AIU_CLIENTVISSTATUSHIS;TRIGGER;2999293;30;0;0;0.03333333333333333;0
1;TKMTS;CO_REMARK_TRC;TRIGGER;2999295;82;0;0;0.012195121951219513;0
1;TKMTS;TR_CO_REMARK_CTRY;TRIGGER;2999299;36;0;3;0.027777777777777776;1.0
1;TKMTS;TR_AIU_CO_REMARKSTATUSHIS;TRIGGER;2999300;20;0;0;0.05;0
1;TKMTS;PR_BUSINESSELEMENT_ALLOWED_TRC;TRIGGER;2999307;82;0;0;0.012195121951219513;0
1;TKMTS;BLK_OFFICECONVERSION_TRC;TRIGGER;2999310;82;0;0;0.012195121951219513;0
1;TKMTS;BLK_CURRENCYCONVERSION_TRC;TRIGGER;2999311;82;0;0;0.012195121951219513;0
1;TKMTS;AU_APPRESOURCE_TRC;TRIGGER;2999315;82;0;0;0.012195121951219513;0
1;TKMTS;AU_APPMODULE_TRC;TRIGGER;2999319;82;0;0;0.012195121951219513;0
1;TKMTS;AU_AUTHORIZATION_TRC;TRIGGER;2999323;82;0;0;0.012195121951219513;0
1;TKMTS;NBC_SERVICE_PROPERTY_TRC;TRIGGER;2999324;82;0;0;0.012195121951219513;0
1;TKMTS;NBC_SERVICETYPE_TRC;TRIGGER;2999328;82;0;0;0.012195121951219513;0
1;TKMTS;NBC_SERVICETYPELNG_TRC;TRIGGER;2999335;82;0;0;0.012195121951219513;0
1;TKMTS;NBC_PROPERTYCODELNG_TRC;TRIGGER;2999339;82;0;0;0.012195121951219513;0
1;TKMTS;NBC_SERVICECODELNG_TRC;TRIGGER;2999343;82;0;0;0.012195121951219513;0
1;TKMTS;NBC_SERVICECODE_TRC;TRIGGER;2999347;82;0;0;0.012195121951219513;0
1;TKMTS;NBC_PROPERTYCODE_TRC;TRIGGER;2999351;82;0;0;0.012195121951219513;0
1;TKMTS;OD_STOCK_NBC_TRC;TRIGGER;2999352;82;0;0;0.012195121951219513;0
1;TKMTS;OD_STOCK_NBC_VALUES_TRC;TRIGGER;2999359;82;0;0;0.012195121951219513;0
1;TKMTS;OD_STOCKUNIT_NBC_VALUES_TRC;TRIGGER;2999360;82;0;0;0.012195121951219513;0
1;TKMTS;OD_STOCKUNIT_NBC_TRC;TRIGGER;2999364;82;0;0;0.012195121951219513;0
1;TKMTS;NBC_PROPERTYCODE_LISTLNG_TRC;TRIGGER;2999371;82;0;0;0.012195121951219513;0
1;TKMTS;NBC_PROPERTYCODE_LIST_TRC;TRIGGER;2999372;82;0;0;0.012195121951219513;0
1;TKMTS;AU_KEYGROUPSETTING_TRC;TRIGGER;2999379;82;0;0;0.012195121951219513;0
1;TKMTS;AU_APPSETTING_TRC;TRIGGER;2999383;82;0;0;0.012195121951219513;0
1;TKMTS;GD_STATUSFLOWTYPE_TRC;TRIGGER;2999384;82;0;0;0.012195121951219513;0
1;TKMTS;ENTERPRISE_TRC;TRIGGER;2999388;82;0;0;0.012195121951219513;0
1;TKMTS;GD_STATUSCODE_TRC;TRIGGER;2999392;82;0;0;0.012195121951219513;0
1;TKMTS;GD_STATUSACTIONCODE_TRC;TRIGGER;2999399;82;0;0;0.012195121951219513;0
1;TKMTS;TR_GRP_GROUPING_EXTRA_TRC;TRIGGER;28571548;82;0;0;0.012195121951219513;0
1;TKMTS;GD_STATUS_TRC;TRIGGER;2999403;82;0;0;0.012195121951219513;0
1;TKMTS;GD_STATUSACTION_TRC;TRIGGER;2999407;82;0;0;0.012195121951219513;0
1;TKMTS;GD_STATUSLNG_TRC;TRIGGER;2999411;82;0;0;0.012195121951219513;0
1;TKMTS;GD_STATUSFLOW_TRC;TRIGGER;2999415;82;0;0;0.012195121951219513;0
1;TKMTS;CO_EDITIONSTATUSHIS_TRC;TRIGGER;2999421;82;0;0;0.012195121951219513;0
1;TKMTS;OD_STOCKSTATUSHIS_TRC;TRIGGER;2999422;82;0;0;0.012195121951219513;0
1;TKMTS;ST_CLIENT_SETUPSTATUSHIS_TRC;TRIGGER;2999424;82;0;0;0.012195121951219513;0
1;TKMTS;OD_LOGOCONTEXT_TRC;TRIGGER;2999426;82;0;0;0.012195121951219513;0
1;TKMTS;GD_CONTRACTINGGROUPLOGO_TRC;TRIGGER;2999433;82;0;0;0.012195121951219513;0
1;TKMTS;OD_ENTITYLOGO_TRC;TRIGGER;2999434;82;0;0;0.012195121951219513;0
1;TKMTS;AU_APPMODULERESOURCE_TRC;TRIGGER;2999441;82;0;0;0.012195121951219513;0
1;TKMTS;AU_ROLEAPPMODULE_TRC;TRIGGER;2999442;82;0;0;0.012195121951219513;0
1;TKMTS;AU_ROLEAPPMODULERESOURCE_TRC;TRIGGER;2999446;82;0;0;0.012195121951219513;0
1;TKMTS;OD_STOCK_NBC_LIST_TRC;TRIGGER;2999450;82;0;0;0.012195121951219513;0
1;TKMTS;OD_STOCKUNIT_NBC_LIST_TRC;TRIGGER;2999454;82;0;0;0.012195121951219513;0
1;TKMTS;NBC_MEASURECONCEPT_TRC;TRIGGER;2999458;82;0;0;0.012195121951219513;0
1;TKMTS;NBC_MEASURECONCEPTLNG_TRC;TRIGGER;2999462;82;0;0;0.012195121951219513;0
1;TKMTS;NBC_MEASUREUNIT_TRC;TRIGGER;2999466;82;0;0;0.012195121951219513;0
1;TKMTS;NBC_MEASUREUNITLNG_TRC;TRIGGER;2999470;82;0;0;0.012195121951219513;0
1;TKMTS;NBC_RULETYPE_TRC;TRIGGER;2999474;82;0;0;0.012195121951219513;0
1;TKMTS;NBC_RULETYPELNG_TRC;TRIGGER;2999478;82;0;0;0.012195121951219513;0
1;TKMTS;NBC_RULE_TRC;TRIGGER;2999482;82;0;0;0.012195121951219513;0
1;TKMTS;NBC_PROPERTY_RULES_TRC;TRIGGER;2999486;82;0;0;0.012195121951219513;0
1;TKMTS;OD_STOCK_NBCLNG_TRC;TRIGGER;2999490;82;0;0;0.012195121951219513;0
1;TKMTS;OD_STOCKUNIT_NBCLNG_TRC;TRIGGER;2999494;82;0;0;0.012195121951219513;0
1;TKMTS;OD_STOCK_NBCST_NOTES_TRC;TRIGGER;2999498;82;0;0;0.012195121951219513;0
1;TKMTS;OD_STOCKUNIT_NBCST_NOTES_TRC;TRIGGER;2999502;82;0;0;0.012195121951219513;0
1;TKMTS;ESB_COMMEVENTTYPE_TRC;TRIGGER;2999506;82;0;0;0.012195121951219513;0
1;TKMTS;ESB_COMMEVENT_TRC;TRIGGER;2999507;82;0;0;0.012195121951219513;0
1;TKMTS;ESB_COMMENTITY_TRC;TRIGGER;2999508;82;0;0;0.012195121951219513;0
1;TKMTS;ESB_COMMLOG_TRC;TRIGGER;2999510;82;0;0;0.012195121951219513;0
1;TKMTS;OD_STOCKSUBSRV_NBC_TRC;TRIGGER;2999511;82;0;0;0.012195121951219513;0
1;TKMTS;OD_STOCKSUBSRV_NBCLNG_TRC;TRIGGER;2999518;82;0;0;0.012195121951219513;0
1;TKMTS;OD_STOCKSUBSRV_NBC_VALUES_TRC;TRIGGER;2999521;82;0;0;0.012195121951219513;0
1;TKMTS;OD_STOCKSUBSRV_NBC_LIST_TRC;TRIGGER;2999523;82;0;0;0.012195121951219513;0
1;TKMTS;OD_STOCKSUBSRV_NBCST_NOTES_TRC;TRIGGER;2999530;82;0;0;0.012195121951219513;0
1;TKMTS;ESB_ATCOMRESTASK_TRC;TRIGGER;2999531;82;0;0;0.012195121951219513;0
1;TKMTS;CO_OCCUPANCYRESTRICTION_TRC;TRIGGER;2999532;82;0;0;0.012195121951219513;0
1;TKMTS;OD_RESORTOFFREGION_TRC;TRIGGER;2999539;82;0;0;0.012195121951219513;0
1;TKMTS;ESB_BOOKING_TRC;TRIGGER;2999541;82;0;0;0.012195121951219513;0
1;TKMTS;OD_CHAIN_TRC;TRIGGER;2999542;82;0;0;0.012195121951219513;0
1;TKMTS;CO_RELEASELINESTATUSHIS_TRC;TRIGGER;2999547;82;0;0;0.012195121951219513;0
1;TKMTS;OD_STOCK_NBC_PICS_TRC;TRIGGER;2999549;82;0;0;0.012195121951219513;0
1;TKMTS;OD_STOCK_NBC_PICSLNG_TRC;TRIGGER;2999553;82;0;0;0.012195121951219513;0
1;TKMTS;AU_PATCH_TRC;TRIGGER;2999560;82;0;0;0.012195121951219513;0
1;TKMTS;CO_REMARKSTATUSHIS_TRC;TRIGGER;2999562;82;0;0;0.012195121951219513;0
1;TKMTS;CO_SEASONSTATUSHIS_TRC;TRIGGER;2999563;82;0;0;0.012195121951219513;0
1;TKMTS;AU_CHANGEREMARKLOG_TRC;TRIGGER;2999564;82;0;0;0.012195121951219513;0
1;TKMTS;GD_TEMPLATEGROUP_TRC;TRIGGER;2999568;82;0;0;0.012195121951219513;0
1;TKMTS;GD_TEMPLATEGROUPLNG_TRC;TRIGGER;2999572;82;0;0;0.012195121951219513;0
1;TKMTS;GD_TEMPLATETEXT_TRC;TRIGGER;2999576;82;0;0;0.012195121951219513;0
1;TKMTS;GD_TEMPLATETEXTLNG_TRC;TRIGGER;2999582;82;0;0;0.012195121951219513;0
1;TKMTS;AU_APPREPORTSLNG_TRC;TRIGGER;2999584;82;0;0;0.012195121951219513;0
1;TKMTS;TR_RQ_ESBLOG;TRIGGER;2999585;44;0;0;0.022727272727272728;0
1;TKMTS;CO_EDITION_TRC;TRIGGER;2999588;82;0;0;0.012195121951219513;0
1;TKMTS;TR_AIU_EDITIONSTATUSHIS;TRIGGER;2999591;20;0;0;0.05;0
1;TKMTS;TR_CO_EDITION_CTRY;TRIGGER;2999592;36;0;3;0.027777777777777776;1.0
1;TKMTS;CO_CONTRACT_EXTRA_TRC;TRIGGER;2999596;82;0;0;0.012195121951219513;0
1;TKMTS;TR_CO_CONTRACT_EXTRA_CTRY;TRIGGER;2999597;36;0;3;0.027777777777777776;1.0
1;TKMTS;AU_USERSETTING_TRC;TRIGGER;2999598;82;0;0;0.012195121951219513;0
1;TKMTS;OD_LOGO_TRC;TRIGGER;2999602;82;0;0;0.012195121951219513;0
1;TKMTS;AU_APPREPORTS_TRC;TRIGGER;2999607;82;0;0;0.012195121951219513;0
1;TKMTS;ESB_BOOKINGPAX_TRC;TRIGGER;2999610;82;0;0;0.012195121951219513;0
1;TKMTS;OD_TAGROUP_TRC;TRIGGER;2999611;82;0;0;0.012195121951219513;0
1;TKMTS;OD_TRAVELAGENCY_TRC;TRIGGER;2999615;82;0;0;0.012195121951219513;0
1;TKMTS;OD_TACOMMISSION_TRC;TRIGGER;2999619;82;0;0;0.012195121951219513;0
1;TKMTS;OD_GROUPSTOCK_TRC;TRIGGER;2999623;82;0;0;0.012195121951219513;0
1;TKMTS;TR_AIU_OD_GROUPSTOCKSTATUSHIS;TRIGGER;2999624;28;0;0;0.03571428571428571;0
1;TKMTS;OD_GROUPSTOCKSTATUSHIS_TRC;TRIGGER;2999628;82;0;0;0.012195121951219513;0
1;TKMTS;OD_GROUPCONTRACTUNIT_TRC;TRIGGER;2999629;82;0;0;0.012195121951219513;0
1;TKMTS;ESB_COMMOFFLINE_TRC;TRIGGER;2999633;82;0;0;0.012195121951219513;0
1;TKMTS;GD_PACKAGE_TRC;TRIGGER;2999637;82;0;0;0.012195121951219513;0
1;TKMTS;GD_PACKAGELNG_TRC;TRIGGER;2999638;82;0;0;0.012195121951219513;0
1;TKMTS;OD_PRODUCT_TRC;TRIGGER;2999642;82;0;0;0.012195121951219513;0
1;TKMTS;OD_PARENTPRODUCT_TRC;TRIGGER;2999646;76;0;1;0.013157894736842105;1.0
1;TKMTS;TR_AIU_OD_PRODUCT_CL_B2B;TRIGGER;2999647;40;0;1;0.025;1.0
1;TKMTS;OD_PRODUCTLNG_TRC;TRIGGER;2999648;82;0;0;0.012195121951219513;0
1;TKMTS;CO_CONTRACT_PRODUCT_TRC;TRIGGER;2999655;82;0;0;0.012195121951219513;0
1;TKMTS;TR_CO_CONTRACT_PRODUCT_CTRY;TRIGGER;2999656;36;0;3;0.027777777777777776;1.0
1;TKMTS;CO_PRICELINE_PRODUCT_TRC;TRIGGER;2999660;82;0;0;0.012195121951219513;0
1;TKMTS;TR_CO_PRICELINE_PRODUCT_CTRY;TRIGGER;2999661;36;0;3;0.027777777777777776;1.0
1;TKMTS;TR_CO_COUNIT_PRODUCT_CTRY;TRIGGER;2999662;36;0;3;0.027777777777777776;1.0
1;TKMTS;TR_AIU_ER_CUP_GCU_CHECK;TRIGGER;2999666;68;0;0;0.014705882352941176;0
1;TKMTS;TR_AIU_CUP_GCU_CHECK;TRIGGER;2999667;76;0;0;0.013157894736842105;0
1;TKMTS;CO_CONTRACTUNIT_PRODUCT_TRC;TRIGGER;2999668;82;0;0;0.012195121951219513;0
1;TKMTS;CO_ENTERPRISEINBOX_TRC;TRIGGER;2999669;82;0;0;0.012195121951219513;0
1;TKMTS;CO_ENTERPRISEINBOXSTATUS_TRC;TRIGGER;2999670;82;0;0;0.012195121951219513;0
1;TKMTS;CO_ENTERPRISEXMLVERSION_TRC;TRIGGER;2999671;82;0;0;0.012195121951219513;0
1;TKMTS;OD_EXCHANGEBAND_TRC;TRIGGER;2999672;82;0;0;0.012195121951219513;0
1;TKMTS;OD_EXCHANGEBANDLNG_TRC;TRIGGER;2999673;82;0;0;0.012195121951219513;0
1;TKMTS;OD_EXCHANGERATESTATHIS_TRC;TRIGGER;2999674;82;0;0;0.012195121951219513;0
1;TKMTS;OD_EXCHANGEBANDWARNING_TRC;TRIGGER;2999675;82;0;0;0.012195121951219513;0
1;TKMTS;OD_EXCHANGEDAILY_TRC;TRIGGER;2999676;82;0;0;0.012195121951219513;0
1;TKMTS;TR_BUD_OD_EXCHANGERATEHIS;TRIGGER;2999677;82;0;0;0.012195121951219513;0
1;TKMTS;TR_AIU_OD_EXCHANGERATESTATHIS;TRIGGER;2999678;28;0;0;0.03571428571428571;0
1;TKMTS;OD_EXCHANGERATE_TRC;TRIGGER;2999679;82;0;0;0.012195121951219513;0
1;TKMTS;GD_STOCKUNITCODELNG_TRC;TRIGGER;2999683;82;0;0;0.012195121951219513;0
1;TKMTS;OD_FLIGHT_TRC;TRIGGER;2999684;80;0;0;0.0125;0
1;TKMTS;CO_CLOSEOUT_TRC;TRIGGER;2999687;82;0;0;0.012195121951219513;0
1;TKMTS;TR_CO_CLOSEOUT_CTRY;TRIGGER;2999688;36;0;3;0.027777777777777776;1.0
1;TKMTS;CO_CLOSEOUTSTATUSHIS_TRC;TRIGGER;2999691;82;0;0;0.012195121951219513;0
1;TKMTS;AU_APPUILABEL_TRC;TRIGGER;2999694;82;0;0;0.012195121951219513;0
1;TKMTS;TR_BIU_CO_CONTRACT_REPCONTA_CK;TRIGGER;28357543;130;0;0;0.007692307692307693;0
1;TKMTS;AU_APPUILABELLNG_TRC;TRIGGER;2999699;82;0;0;0.012195121951219513;0
1;TKMTS;BO_REMARK_TRC;TRIGGER;2999700;82;0;0;0.012195121951219513;0
1;TKMTS;OD_B2BSYSTEM_TRC;TRIGGER;2999701;41;0;0;0.024390243902439025;0
1;TKMTS;BO_PAYMENT_TRC;TRIGGER;2999702;41;0;0;0.024390243902439025;0
1;TKMTS;ST_CANCELBAND_TRC;TRIGGER;2999703;41;0;0;0.024390243902439025;0
1;TKMTS;ST_CANCELBANDLNG_TRC;TRIGGER;2999704;41;0;0;0.024390243902439025;0
1;TKMTS;ST_CANCELBANDED_TRC;TRIGGER;2999705;41;0;0;0.024390243902439025;0
1;TKMTS;TR_AIU_CANCELBANDEDSTATUSHIS;TRIGGER;2999706;20;0;0;0.05;0
1;TKMTS;ST_CANCELBANDEDSTATUSHIS_TRC;TRIGGER;2999707;41;0;0;0.024390243902439025;0
1;TKMTS;ST_CANCELBANDEDFEE_TRC;TRIGGER;2999708;41;0;0;0.024390243902439025;0
1;TKMTS;ESB_CLIENTB2B_TRC;TRIGGER;2999709;41;0;0;0.024390243902439025;0
1;TKMTS;TR_BIU_GRP_INCONSISTENCY;TRIGGER;27776264;31;0;0;0.03225806451612903;0
1;TKMTS;LOG_BO_HEADER_SYNC_TRC;TRIGGER;27776269;41;0;0;0.024390243902439025;0
1;TKMTS;TR_BO_BILLING_CY;TRIGGER;28826674;182;0;3;0.005494505494505495;1.0
1;TKMTS;PAC_CO_CONSOLIDATE_UTILS;PACKAGE;28826675;4910;6;0;0.00020366598778004074;0.0
1;TKMTS;PAC_CO_CONSOLIDATE_UTILS;PACKAGE BODY;28826676;4910;0;6;0.00020366598778004074;1.0
1;TKMTS;P_NOTIF_CLIENT_ONSALE;PROCEDURE;14156431;27;0;2;0.037037037037037035;1.0
1;TKMTS;VW_CONTRACTUNITS_ALLOWED_ROSH;VIEW;28590331;0;0;0;0;0
1;TKMTS;TR_AIU_AIRPOTFLIGHTTHRESHOLD;TRIGGER;28594241;80;0;0;0.0125;0
1;TKMTS;TR_BIU_FLIGHT_TRANSFERDATES;TRIGGER;28594262;60;0;1;0.016666666666666666;1.0
1;TKMTS;ESB_NOTIF_DEACTIVATION_TRC;TRIGGER;28589002;82;0;0;0.012195121951219513;0
1;TKMTS;PAC_STOPSALES;PACKAGE;28589012;362;1;0;0.0027624309392265192;0.0
1;TKMTS;PAC_STOPSALES;PACKAGE BODY;28589013;362;0;3;0.0027624309392265192;1.0
1;TKMTS;F_METERS_BETWEEN_COORDINATES2;FUNCTION;28862447;18;0;0;0.05555555555555555;0
1;TKMTS;VW_CONTRACTUNITS_ALL_RO;VIEW;28862459;0;0;0;0;0
1;TKMTS;ESB_DELTA_NOTIF_CO_TRC;TRIGGER;29017934;82;0;0;0.012195121951219513;0
1;TKMTS;PAC_XML_UTIL;PACKAGE;3011194;2496;30;0;0.00040064102564102563;0.0
1;TKMTS;PAC_XML_STOPSALES;PACKAGE;3011195;1520;1;1;0.0006578947368421052;0.5
1;TKMTS;PAC_XML_SALESTERMS;PACKAGE;3011196;1623;1;0;0.0006161429451632779;0.0
1;TKMTS;PAC_XML_MTSMASTER;PACKAGE;3011197;13367;13;1;7,48E+10;0.07142857142857142
1;TKMTS;PAC_XML_MASTERDATA;PACKAGE;3011198;14922;1;0;6,70E+10;0.0
1;TKMTS;PAC_XML_CONTRACT;PACKAGE;3011199;18596;10;0;5,38E+10;0.0
1;TKMTS;PAC_UPLOAD;PACKAGE;3011201;962;1;0;0.0010395010395010396;0.0
1;TKMTS;PAC_RQMANAGER;PACKAGE;3011202;1994;1;0;0.0005015045135406219;0.0
1;TKMTS;PAC_PUBLICATION;PACKAGE;3011203;2426;2;1;0.00041220115416323167;0.3333333333333333
1;TKMTS;PAC_PRODUCT;PACKAGE;3011204;126;2;0;0.007936507936507936;0.0
1;TKMTS;PAC_OLITE;PACKAGE;3011205;234;3;0;0.004273504273504274;0.0
1;TKMTS;PAC_MTSMASTER;PACKAGE;3011206;1790;1;0;0.0005586592178770949;0.0
1;TKMTS;PAC_MIGRATION;PACKAGE;3011207;964;1;0;0.001037344398340249;0.0
1;TKMTS;PAC_FLIGHT;PACKAGE;3011208;854;2;0;0.00117096018735363;0.0
1;TKMTS;PAC_EXCHANGERATE;PACKAGE;3011209;1652;11;1;0.0006053268765133172;0.08333333333333333
1;TKMTS;PAC_ESB;PACKAGE;3011210;2949;1;0;0.00033909799932180403;0.0
1;TKMTS;PAC_DB_UTILS;PACKAGE;3011211;1010;1;0;0.0009900990099009901;0.0
1;TKMTS;PAC_CO_UTILS;PACKAGE;3011212;4530;19;0;0.0002207505518763797;0.0
1;TKMTS;PAC_CONTRACT;PACKAGE;3011213;20508;3;0;4,88E+10;0.0
1;TKMTS;PAC_CONSTANTS;PACKAGE;3011214;760;152;0;0.0013157894736842105;0.0
1;TKMTS;PAC_CLIENTB2B;PACKAGE;3011215;5126;15;0;0.00019508388607101054;0.0
1;TKMTS;PAC_CLIENT;PACKAGE;3011216;3286;10;0;0.00030432136335970786;0.0
1;TKMTS;PAC_CLEANENTITY;PACKAGE;3011217;2267;1;0;0.0004411116012351125;0.0
1;TKMTS;PAC_CHECKS;PACKAGE;3011218;4429;1;0;0.00022578460149017836;0.0
1;TKMTS;CO_EDITION_XML_HIS_TRC;TRIGGER;30281573;71;0;0;0.014084507042253521;0
1;TKMTS;F_CHECK_EMAIL;FUNCTION;3011376;72;1;0;0.013888888888888888;0.0
1;TKMTS;TMP_F_GETAPPLIESONUNITS;FUNCTION;3011377;177;2;2;0.005649717514124294;0.5
1;TKMTS;JF_ENCRYPT;FUNCTION;3011378;31;0;0;0.03225806451612903;0
1;TKMTS;JF_AU_GETUSER;FUNCTION;3011379;31;0;0;0.03225806451612903;0
1;TKMTS;JF_AU_DOLOGINPWD;FUNCTION;3011380;37;0;0;0.02702702702702703;0
1;TKMTS;JF_AU_DOLOGIN;FUNCTION;3011381;35;0;0;0.02857142857142857;0
1;TKMTS;F_ISSTOCKUNITSUBSER_APPLY;FUNCTION;3011382;41;0;3;0.024390243902439025;1.0
1;TKMTS;F_GET_XMLDATE_TO_DATE;FUNCTION;3011383;63;12;0;0.015873015873015872;0.0
1;TKMTS;F_GET_XMLDATETIME_TO_DATETIME;FUNCTION;3011384;68;7;1;0.014705882352941176;0.125
1;TKMTS;F_GET_TOKEN;FUNCTION;3011385;118;3;0;0.00847457627118644;0.0
1;TKMTS;F_GET_STANDARD_COMMON;FUNCTION;3011386;53;12;0;0.018867924528301886;0.0
1;TKMTS;F_GET_PRICEGROUPCODE;FUNCTION;3011387;61;3;0;0.01639344262295082;0.0
1;TKMTS;F_GET_PRICECATEGORYNAME;FUNCTION;3011388;65;0;1;0.015384615384615385;1.0
1;TKMTS;F_GET_OD_ENTITYNAME;FUNCTION;3011389;56;9;0;0.017857142857142856;0.0
1;TKMTS;F_GET_OD_ENTITYID;FUNCTION;3011390;77;21;0;0.012987012987012988;0.0
1;TKMTS;F_GET_OD_ENTITYCODE;FUNCTION;3011391;71;23;0;0.014084507042253521;0.0
1;TKMTS;F_GET_NVTSTOCKUNITCODE;FUNCTION;3011392;160;1;0;0.00625;0.0
1;TKMTS;F_GET_ISO_LANGUAGENAME;FUNCTION;3011393;61;0;0;0.01639344262295082;0
1;TKMTS;F_GET_ISO_CURRENCY_ISO3;FUNCTION;3011394;63;12;0;0.015873015873015872;0.0
1;TKMTS;F_GET_ISO_CURRENCY_ID;FUNCTION;3011395;59;8;0;0.01694915254237288;0.0
1;TKMTS;F_GET_ISO_CURRENCYNAME;FUNCTION;3011396;67;0;0;0.014925373134328358;0
1;TKMTS;F_GET_ISO_COUNTRY_ISO2;FUNCTION;3011397;53;2;0;0.018867924528301886;0.0
1;TKMTS;F_GET_ISO_COUNTRY_ID;FUNCTION;3011398;53;1;0;0.018867924528301886;0.0
1;TKMTS;F_GET_ISO_COUNTRYNAME;FUNCTION;3011399;67;0;0;0.014925373134328358;0
1;TKMTS;F_GET_GD_CODE_NAME_ID;FUNCTION;3011400;75;0;1;0.013333333333333334;1.0
1;TKMTS;F_GET_GD_CODE_NAME;FUNCTION;3011401;73;5;1;0.0136986301369863;0.16666666666666666
1;TKMTS;F_GET_GD_CODE_ID;FUNCTION;3011402;69;21;0;0.014492753623188406;0.0
1;TKMTS;F_GET_GD_CODE;FUNCTION;3011403;58;21;0;0.017241379310344827;0.0
1;TKMTS;F_GET_FLOAT_TO_CHAR;FUNCTION;3011404;51;10;0;0.0196078431372549;0.0
1;TKMTS;F_GET_DATE_TO_XMLDATE;FUNCTION;3011405;63;16;0;0.015873015873015872;0.0
1;TKMTS;F_GET_DATETIME_TO_XMLDATETIME;FUNCTION;3011406;65;9;0;0.015384615384615385;0.0
1;TKMTS;F_GET_CO_SEASONID;FUNCTION;3011407;76;5;0;0.013157894736842105;0.0
1;TKMTS;F_GET_CONTRACT_CLIENTS;FUNCTION;3011408;66;0;0;0.015151515151515152;0
1;TKMTS;F_GET_CHAR_TO_FLOAT;FUNCTION;3011409;51;8;0;0.0196078431372549;0.0
1;TKMTS;F_GET_BOOLEAN_CONVERSION_NUM;FUNCTION;3011410;67;9;0;0.014925373134328358;0.0
1;TKMTS;F_GET_BOOLEAN_CONVERSION;FUNCTION;3011411;67;13;0;0.014925373134328358;0.0
1;TKMTS;F_GET_APPLIESONUNITS;FUNCTION;3011412;35;0;3;0.02857142857142857;1.0
1;TKMTS;F_GET_ALPHABETICAL_STRING;FUNCTION;3011413;83;3;0;0.012048192771084338;0.0
1;TKMTS;F_GETUSERNAME;FUNCTION;3011414;33;6;0;0.030303030303030304;0.0
1;TKMTS;F_GETBUSINESSELEMENTVALUE;FUNCTION;3011415;66;12;0;0.015151515151515152;0.0
1;TKMTS;F_GETBUSINESSELEMENTCODEVALUE;FUNCTION;3011416;60;6;1;0.016666666666666666;0.14285714285714285
1;TKMTS;F_CO_GETRESORTOFFICE;FUNCTION;3011417;70;17;0;0.014285714285714285;0.0
1;TKMTS;F_CO_GETCOUNTRY;FUNCTION;3011418;82;16;2;0.012195121951219513;0.1111111111111111
1;TKMTS;F_CO_DOCHECKOUT_XML;FUNCTION;3011419;438;0;3;0.00228310502283105;1.0
1;TKMTS;F_CO_DOCHECKOUT;FUNCTION;3011420;143;0;0;0.006993006993006993;0
1;TKMTS;F_CONVERT_CLOB_TO_BLOB;FUNCTION;3011421;93;5;0;0.010752688172043012;0.0
1;TKMTS;F_CONVERT_BLOB_TO_CLOB;FUNCTION;3011422;93;3;0;0.010752688172043012;0.0
1;TKMTS;JP_ENCRYPT;PROCEDURE;3011602;37;2;0;0.02702702702702703;0.0
1;TKMTS;P_SENDEMAIL;PROCEDURE;3011604;179;52;0;0.00558659217877095;0.0
1;TKMTS;P_RESET_CONTRACT;PROCEDURE;3011605;180;0;0;0.005555555555555556;0
1;TKMTS;P_GET_WRONG_BUSINESSELEMENTS;PROCEDURE;3011608;143;0;0;0.006993006993006993;0
1;TKMTS;JP_SETUSER;PROCEDURE;3011612;29;0;0;0.034482758620689655;0
1;TKMTS;JP_LOGSTATUSCHANGE;PROCEDURE;3011613;29;0;0;0.034482758620689655;0
1;TKMTS;VW_COUNTRYLNG;VIEW;3011805;0;0;0;0;0
1;TKMTS;VW_PRICECONCEPTSETTING;VIEW;3011806;0;0;0;0;0
1;TKMTS;OL_RESORTS_VW;VIEW;3011807;0;0;0;0;0
1;TKMTS;VW_CONTRACTUNITS_ALLOWED;VIEW;3011808;0;12;0;0;0.0
1;TKMTS;VW_GD_STATUS;VIEW;3011809;0;0;0;0;0
1;TKMTS;VW_OL_AIRPORT;VIEW;3011810;0;0;0;0;0
1;TKMTS;VW_STOCKPORTFOLIO;VIEW;3011811;0;3;0;0;0.0
1;TKMTS;VW_CONTRACTS_PER_DESTINATION;VIEW;3011812;0;0;0;0;0
1;TKMTS;VW_OL_DESTINATIONS;VIEW;3011813;0;0;0;0;0
1;TKMTS;VW_PRICE_DIFFERENCE;VIEW;3011816;0;0;0;0;0
1;TKMTS;VW_OL_COUNTRY;VIEW;3011817;0;0;0;0;0
1;TKMTS;VW_BASICSTOCKPORTFOLIO;VIEW;3011818;0;0;0;0;0
1;TKMTS;VW_COUNTRY_CONTRACTS;VIEW;3011883;0;0;0;0;0
1;TKMTS;VW_CLIENTVISIBILITY;VIEW;3011884;0;0;0;0;0
1;TKMTS;OD_COM_CONTROLSTATUSHIS_TRC;TRIGGER;30315653;71;0;0;0.014084507042253521;0
1;TKMTS;TR_AI_OD_COM_CONTROLGROUP_MOD;TRIGGER;30315596;19;0;0;0.05263157894736842;0
1;TKMTS;OD_COM_CONTROLGROUPLOG_TRC;TRIGGER;30315595;30;0;0;0.03333333333333333;0
1;TKMTS;VW_STOCK;VIEW;3012124;0;0;0;0;0
1;TKMTS;VW_CONTRACT;VIEW;3012125;0;0;0;0;0
1;TKMTS;VW_FLIGHTS_PER_DAY;VIEW;3012133;0;1;0;0;0.0
1;TKMTS;PAC_CHECKS;PACKAGE BODY;3012176;4429;0;9;0.00022578460149017836;1.0
1;TKMTS;PAC_CLEANENTITY;PACKAGE BODY;3012177;2267;0;5;0.0004411116012351125;1.0
1;TKMTS;PAC_CLIENT;PACKAGE BODY;3012178;3286;0;7;0.00030432136335970786;1.0
1;TKMTS;PAC_CLIENTB2B;PACKAGE BODY;3012179;5126;0;6;0.00019508388607101054;1.0
1;TKMTS;PAC_CONTRACT;PACKAGE BODY;3012180;20508;0;20;4,88E+10;1.0
1;TKMTS;PAC_CO_UTILS;PACKAGE BODY;3012181;4530;0;8;0.0002207505518763797;1.0
1;TKMTS;PAC_DB_UTILS;PACKAGE BODY;3012182;1010;0;5;0.0009900990099009901;1.0
1;TKMTS;PAC_ESB;PACKAGE BODY;3012183;2949;0;7;0.00033909799932180403;1.0
1;TKMTS;PAC_EXCHANGERATE;PACKAGE BODY;3012184;1652;0;17;0.0006053268765133172;1.0
1;TKMTS;PAC_FLIGHT;PACKAGE BODY;3012185;854;0;4;0.00117096018735363;1.0
1;TKMTS;PAC_MIGRATION;PACKAGE BODY;3012186;964;0;8;0.001037344398340249;1.0
1;TKMTS;PAC_MTSMASTER;PACKAGE BODY;3012187;1790;0;12;0.0005586592178770949;1.0
1;TKMTS;PAC_OLITE;PACKAGE BODY;3012188;234;0;1;0.004273504273504274;1.0
1;TKMTS;PAC_PRODUCT;PACKAGE BODY;3012189;126;0;1;0.007936507936507936;1.0
1;TKMTS;PAC_PUBLICATION;PACKAGE BODY;3012190;2426;0;5;0.00041220115416323167;1.0
1;TKMTS;PAC_RQMANAGER;PACKAGE BODY;3012191;1994;0;3;0.0005015045135406219;1.0
1;TKMTS;PAC_UPLOAD;PACKAGE BODY;3012192;962;0;8;0.0010395010395010396;1.0
1;TKMTS;PAC_XML_CONTRACT;PACKAGE BODY;3012194;18596;0;22;5,38E+10;1.0
1;TKMTS;PAC_XML_MASTERDATA;PACKAGE BODY;3012195;14922;0;15;6,70E+10;1.0
1;TKMTS;PAC_XML_MTSMASTER;PACKAGE BODY;3012196;13367;0;19;7,48E+10;1.0
1;TKMTS;PAC_XML_SALESTERMS;PACKAGE BODY;3012197;1623;0;12;0.0006161429451632779;1.0
1;TKMTS;PAC_XML_STOPSALES;PACKAGE BODY;3012198;1520;0;11;0.0006578947368421052;1.0
1;TKMTS;PAC_XML_UTIL;PACKAGE BODY;3012199;2496;0;9;0.00040064102564102563;1.0
1;TKMTS;cAuthorization;JAVA CLASS;3013757;460;0;0;0.002173913043478261;0
1;TKMTS;cAuthorization;JAVA SOURCE;3013756;460;0;0;0.002173913043478261;0
1;TKMTS;cHash;JAVA CLASS;3013759;152;0;0;0.006578947368421052;0
1;TKMTS;cHash;JAVA SOURCE;3013758;152;0;0;0.006578947368421052;0
1;TKMTS;ContractStatus;JAVA CLASS;3013761;26;0;0;0.038461538461538464;0
1;TKMTS;ContractStatus;JAVA SOURCE;3013760;26;0;0;0.038461538461538464;0
1;TKMTS;BO_HISTORYLOG_TRC;TRIGGER;28926033;71;0;0;0.014084507042253521;0
1;TKMTS;PAC_ESBLOGXML;PACKAGE;28829564;320;1;0;0.003125;0.0
1;TKMTS;PAC_ESBLOGXML;PACKAGE BODY;28829565;320;0;3;0.003125;1.0
1;TKMTS;PAC_CONTRACT_EXTENDED_RO;PACKAGE;28911937;1573;1;0;0.0006357279084551812;0.0
1;TKMTS;ESB_COMMEVENT_RETENTION_TRC;TRIGGER;3204305;100;0;1;0.01;1.0
1;TKMTS;CO_CLIENTVIS_AUTOPACKAGE_TRC;TRIGGER;21731555;82;0;0;0.012195121951219513;0
1;TKMTS;TR_BIU_CO_CONTRACT_PROVIDER_CK;TRIGGER;21731566;74;0;1;0.013513513513513514;1.0
1;TKMTS;TR_AU_OD_STOCK_IE_SEND_MAIL;TRIGGER;21731567;63;0;2;0.015873015873015872;1.0
1;TKMTS;OD_ENTITYTEMPLATE_TRC;TRIGGER;25273291;82;0;0;0.012195121951219513;0
1;TKMTS;OD_ENTITYTEMPLATELNG_TRC;TRIGGER;25273297;82;0;0;0.012195121951219513;0
1;TKMTS;PAC_DYNAMIC_QUERY_COMBOBOX;PACKAGE;25273298;12827;1;0;7,80E+10;0.0
1;TKMTS;PAC_DYNAMIC_QUERY_COMBOBOX;PACKAGE BODY;25273299;12827;0;3;7,80E+10;1.0
1;TKMTS;PAC_DYNAMIC_QUERY_GROUPING;PACKAGE;25273301;8104;2;0;0.00012339585389930897;0.0
1;TKMTS;PAC_DYNAMIC_QUERY_GROUPING;PACKAGE BODY;25273302;8104;0;2;0.00012339585389930897;1.0
1;TKMTS;TR_BIU_TRAVELAGENCY_ISONSALE;TRIGGER;25273307;23;0;0;0.043478260869565216;0
1;TKMTS;TR_TRAVELAGENCY_SELF_REL_CHECK;TRIGGER;25273308;59;0;0;0.01694915254237288;0
1;TKMTS;VW_STATEMENT_CXLDISTRIBUTOR;VIEW;25273314;0;1;0;0;0.0
1;TKMTS;VW_STATEMENT_CXLCONTRACT;VIEW;25273315;0;0;1;0;1.0
1;TKMTS;VW_STATEMENT_CLIENTSETTING;VIEW;25273316;0;0;0;0;0
1;TKMTS;ESB_DELTA_NOTIF_TRC;TRIGGER;5606978;82;0;0;0.012195121951219513;0
1;TKMTS;PAC_ESB_NOTIFY;PACKAGE;5606979;3646;33;0;0.00027427317608337906;0.0
1;TKMTS;PAC_ESB_NOTIFY;PACKAGE BODY;5606980;3646;0;3;0.00027427317608337906;1.0
1;TKMTS;PAC_FLOW_BOOKING;PACKAGE;5606981;278;1;0;0.0035971223021582736;0.0
1;TKMTS;PAC_FLOW_BOOKING;PACKAGE BODY;5606982;278;0;3;0.0035971223021582736;1.0
1;TKMTS;PAC_FLOW_CLIENTVISIBILITY;PACKAGE;5606983;352;5;0;0.002840909090909091;0.0
1;TKMTS;PAC_FLOW_CLIENTVISIBILITY;PACKAGE BODY;5606984;352;0;5;0.002840909090909091;1.0
1;TKMTS;PAC_FLOW_EXCHANGERATE;PACKAGE;5606985;188;1;0;0.005319148936170213;0.0
1;TKMTS;PAC_FLOW_EXCHANGERATE;PACKAGE BODY;5606986;188;0;5;0.005319148936170213;1.0
1;TKMTS;PAC_FLOW_GROUPSTOCK;PACKAGE;5606987;352;3;0;0.002840909090909091;0.0
1;TKMTS;PAC_FLOW_GROUPSTOCK;PACKAGE BODY;5606988;352;0;4;0.002840909090909091;1.0
1;TKMTS;PAC_FLOW_SALESTERM;PACKAGE;5606989;220;1;0;0.004545454545454545;0.0
1;TKMTS;PAC_FLOW_SALESTERM;PACKAGE BODY;5606990;220;0;4;0.004545454545454545;1.0
1;TKMTS;PAC_FLOW_STOCK;PACKAGE;5606991;218;1;0;0.0045871559633027525;0.0
1;TKMTS;PAC_FLOW_STOCK;PACKAGE BODY;5606992;218;0;5;0.0045871559633027525;1.0
1;TKMTS;PAC_FLOW_STOPSALE;PACKAGE;5606993;192;1;0;0.005208333333333333;0.0
1;TKMTS;PAC_FLOW_STOPSALE;PACKAGE BODY;5606994;192;0;4;0.005208333333333333;1.0
1;TKMTS;PAC_FLOW_CONTRACT;PACKAGE;5606995;2663;2;1;0.0003755163349605708;0.3333333333333333
1;TKMTS;PAC_FLOW_CONTRACT;PACKAGE BODY;5606996;2663;0;17;0.0003755163349605708;1.0
1;TKMTS;MB_CONTENTTYPE_TRC;TRIGGER;7677144;82;0;0;0.012195121951219513;0
1;TKMTS;MB_CONTENTTYPELNG_TRC;TRIGGER;7677145;82;0;0;0.012195121951219513;0
1;TKMTS;MB_CONTENTSUBTYPE_TRC;TRIGGER;7677146;82;0;0;0.012195121951219513;0
1;TKMTS;MB_CONTENTSUBTYPELNG_TRC;TRIGGER;7677147;82;0;0;0.012195121951219513;0
1;TKMTS;MB_MASTER_TRC;TRIGGER;7677148;82;0;0;0.012195121951219513;0
1;TKMTS;MB_ITEMSTATUSHIS_TRC;TRIGGER;7677151;82;0;0;0.012195121951219513;0
1;TKMTS;MB_ERRORCONTROL_TRC;TRIGGER;7677152;82;0;0;0.012195121951219513;0
1;TKMTS;MB_CONTENTTYPE_PARAM_TRC;TRIGGER;7677153;82;0;0;0.012195121951219513;0
1;TKMTS;MB_CONTENTTYPE_PARAMLNG_TRC;TRIGGER;7677154;82;0;0;0.012195121951219513;0
1;TKMTS;MB_ENTITY_SETTING_TRC;TRIGGER;7677155;82;0;0;0.012195121951219513;0
1;TKMTS;TR_AU_OD_CLIENT_B2B;TRIGGER;4498807;130;0;1;0.007692307692307693;1.0
1;TKMTS;OD_B2BCLIENTVISIBILITY_TRC;TRIGGER;4498812;82;0;0;0.012195121951219513;0
1;TKMTS;TR_AU_GD_STOCKUNITDIM_DESC;TRIGGER;4498817;44;0;0;0.022727272727272728;0
1;TKMTS;TR_AU_GD_STOCKUNITDESCRIPTION;TRIGGER;4498818;58;0;1;0.017241379310344827;1.0
1;TKMTS;F_REMOVE_SPECIAL_CHARS;FUNCTION;4498820;38;5;0;0.02631578947368421;0.0
1;TKMTS;F_GET_AU_APPSETTING_D;FUNCTION;5049543;32;0;0;0.03125;0
1;TKMTS;F_GET_AU_APPSETTING_T;FUNCTION;5049544;32;2;0;0.03125;0.0
1;TKMTS;F_GET_AU_APPSETTING_N;FUNCTION;5049545;32;10;0;0.03125;0.0
1;TKMTS;NBC_PROVIDER_TRC;TRIGGER;5315270;82;0;0;0.012195121951219513;0
1;TKMTS;OD_STOCK_NBC_PROVIDERUPD_TRC;TRIGGER;5315277;82;0;0;0.012195121951219513;0
1;TKMTS;PAC_NBC;PACKAGE;5315297;1546;14;0;0.000646830530401035;0.0
1;TKMTS;PAC_NBC;PACKAGE BODY;5315298;1546;0;7;0.000646830530401035;1.0
1;TKMTS;OD_STOCK_NBC_CI_TRC;TRIGGER;19130751;82;0;0;0.012195121951219513;0
1;TKMTS;OD_STOCK_NBC_CI_VALUES_TRC;TRIGGER;19130757;82;0;0;0.012195121951219513;0
1;TKMTS;OD_STOCK_NBC_CI_LIST_TRC;TRIGGER;19130761;82;0;0;0.012195121951219513;0
1;TKMTS;OD_STOCK_NBC_HS_TRC;TRIGGER;19130766;82;0;0;0.012195121951219513;0
1;TKMTS;OD_STOCK_NBC_HS_VALUES_TRC;TRIGGER;19130772;82;0;0;0.012195121951219513;0
1;TKMTS;OD_STOCK_NBC_HS_LIST_TRC;TRIGGER;19130776;82;0;0;0.012195121951219513;0
1;TKMTS;GD_STOCKTYPEGROUP_TRC;TRIGGER;19130779;82;0;0;0.012195121951219513;0
1;TKMTS;GD_STOCKTYPEGROUPLNG_TRC;TRIGGER;19130783;82;0;0;0.012195121951219513;0
1;TKMTS;PAC_DYNAMIC_QUERY_ENTITY;PACKAGE;19130785;9977;4;0;0.00010023053021950487;0.0
1;TKMTS;PAC_DYNAMIC_QUERY_ENTITY;PACKAGE BODY;19130786;9977;0;4;0.00010023053021950487;1.0
1;TKMTS;VW_STOCK_WITHOUT_PORTFOLIO;VIEW;4889308;0;1;0;0;0.0
1;TKMTS;CO_POINTLOCATIONGROUP_TRC;TRIGGER;11797141;82;0;0;0.012195121951219513;0
1;TKMTS;CO_POINTLOCATION_TRC;TRIGGER;11797147;82;0;0;0.012195121951219513;0
1;TKMTS;MD_VIEW_COLUMN_STOCKTYPE_TRC;TRIGGER;11797157;82;0;0;0.012195121951219513;0
1;TKMTS;CO_ITINERARY_CO_UNIT_TRC;TRIGGER;24039987;82;0;0;0.012195121951219513;0
1;TKMTS;CO_ITINERARY_CO_SUBSER_TRC;TRIGGER;24039996;82;0;0;0.012195121951219513;0
1;TKMTS;PAC_VALIDATION_SALESTERMS;PACKAGE;24040000;414;1;0;0.0024154589371980675;0.0
1;TKMTS;PAC_VALIDATION_SALESTERMS;PACKAGE BODY;24040001;414;0;4;0.0024154589371980675;1.0
1;TKMTS;BILL_INVOICE_TRC;TRIGGER;24040037;78;0;0;0.01282051282051282;0
1;TKMTS;BILL_INVOICELINE_TRC;TRIGGER;24040045;39;0;0;0.02564102564102564;0
1;TKMTS;BO_BILLING_INVOICE_TRC;TRIGGER;24040050;78;0;0;0.01282051282051282;0
1;TKMTS;PAC_BILLING;PACKAGE;24040052;430;1;1;0.002325581395348837;0.5
1;TKMTS;PAC_BILLING;PACKAGE BODY;24040053;430;0;13;0.002325581395348837;1.0
1;TKMTS;VW_STOCK_CR;VIEW;11797353;0;0;0;0;0
1;TKMTS;ESB_CRSTOCKB2B_TRC;TRIGGER;11797357;82;0;0;0.012195121951219513;0
1;TKMTS;ESB_CRUNITB2B_TRC;TRIGGER;11797361;82;0;0;0.012195121951219513;0
1;TKMTS;PAC_UTILS;PACKAGE;11797362;1356;11;0;0.0007374631268436578;0.0
1;TKMTS;PAC_UTILS;PACKAGE BODY;11797363;1356;0;3;0.0007374631268436578;1.0
1;TKMTS;TR_AI_ST_CANCELBANDED_B2B;TRIGGER;11797364;35;0;1;0.02857142857142857;1.0
1;TKMTS;OD_STOCK_TR_DETAIL_TRC;TRIGGER;11797368;82;0;0;0.012195121951219513;0
1;TKMTS;TR_BIU_OD_STOCK_TR_DET_CHECK;TRIGGER;11797370;80;0;1;0.0125;1.0
1;TKMTS;VW_STOCK_TR;VIEW;11797371;0;0;1;0;1.0
1;TKMTS;TR_BIU_SD_RESORT_CHECK_COUNTRY;TRIGGER;11797373;39;0;0;0.02564102564102564;0
1;TKMTS;TR_BIU_OD_STOCKPOINTLOC_CHECK;TRIGGER;11797374;76;0;1;0.013157894736842105;1.0
1;TKMTS;OD_CLIENT_CXLINFOSETUP_TRC;TRIGGER;5789347;82;0;0;0.012195121951219513;0
1;TKMTS;TR_BIU_NBC_SERVICECODE_SEARCH;TRIGGER;15251250;47;0;0;0.02127659574468085;0
1;TKMTS;NBC_PICTURETYPE_TRC;TRIGGER;15251357;82;0;0;0.012195121951219513;0
1;TKMTS;NBC_PICTURETYPELNG_TRC;TRIGGER;15251361;82;0;0;0.012195121951219513;0
1;TKMTS;OD_CLIENT_NBC_SETUP_TRC;TRIGGER;15251367;82;0;0;0.012195121951219513;0
1;TKMTS;OD_CLIENT_NBC_S_LNGLIST_TRC;TRIGGER;15251371;82;0;0;0.012195121951219513;0
1;TKMTS;VW_CONTRACTUNITS_ALLOWED_RIC;VIEW;28586353;0;0;0;0;0
1;TKMTS;PAC_DYNAMIC_QUERY_NBC;PACKAGE;28586388;2132;1;0;0.00046904315196998124;0.0
1;TKMTS;PAC_DYNAMIC_QUERY_NBC;PACKAGE BODY;28586389;2132;0;2;0.00046904315196998124;1.0
1;TKMTS;F_CLOB2BLOB;FUNCTION;28586731;167;0;0;0.005988023952095809;0
1;TKMTS;F_BLOB2CLOB;FUNCTION;28586732;107;0;0;0.009345794392523364;0
1;TKMTS;ESB_TRSTOCKB2B_TRC;TRIGGER;17354859;82;0;0;0.012195121951219513;0
1;TKMTS;ESB_TRUNITB2B_TRC;TRIGGER;17354863;82;0;0;0.012195121951219513;0
1;TKMTS;ESB_WB_CONS_SETUP_TRC;TRIGGER;7489878;82;0;0;0.012195121951219513;0
1;TKMTS;F_GETUSERVISIBILITYOFFICES;FUNCTION;28473662;16;0;1;0.0625;1.0
1;TKMTS;LOG_CONTRACT_VISIBILITY_TRC;TRIGGER;3367626;41;0;0;0.024390243902439025;0
1;TKMTS;GRP_CLIENT_AIRPORT_TRC;TRIGGER;22622138;78;0;0;0.01282051282051282;0
1;TKMTS;TR_BIU_GRP_PROVIDER_CRIT_CL_CK;TRIGGER;22622154;24;0;1;0.041666666666666664;1.0
1;TKMTS;GRP_PROVIDER_CRITERIA_TRC;TRIGGER;22622155;78;0;0;0.01282051282051282;0
1;TKMTS;OD_STOCK_EDF_XML_GENERATED_TRC;TRIGGER;20964634;58;0;0;0.017241379310344827;0
1;TKMTS;PAC_UTL_COMPRESS;PACKAGE;20964639;601;6;0;0.0016638935108153079;0.0
1;TKMTS;PAC_UTL_COMPRESS;PACKAGE BODY;20964640;601;0;1;0.0016638935108153079;1.0
1;TKMTS;PAC_VALIDATION_CONTRACT;PACKAGE BODY;28844752;182;0;3;0.005494505494505495;1.0
1;TKMTS;PAC_VALIDATION_CONTRACT;PACKAGE;28844736;182;1;0;0.005494505494505495;0.0
1;TKMTS;VW_STATEMENT_STOCKEXTRACODELNG;VIEW;28844755;0;0;0;0;0
1;TKMTS;MVW_STATEMENT_EXTRACONTRACT;MATERIALIZED VIEW;28844757;0;0;1;0;1.0
1;TKMTS;CO_XML_GENERATED_TRC;TRIGGER;14178326;82;0;0;0.012195121951219513;0
1;TKMTS;BO_ITEMSTATUSHIS_TRC;TRIGGER;14178378;82;0;0;0.012195121951219513;0
1;TKMTS;TR_AIU_BO_ITEMSTATUSHIS;TRIGGER;14178379;66;0;0;0.015151515151515152;0
1;TKMTS;TR_BIU_BO_HEADER_CLIENTBRAND;TRIGGER;14178383;128;0;0;0.0078125;0
1;TKMTS;PAC_CONTRACT_UTILS;PACKAGE;14178385;10246;16;0;9,76E+10;0.0
1;TKMTS;PAC_CONTRACT_EXTENDED;PACKAGE;14178386;3223;1;0;0.00031026993484331366;0.0
1;TKMTS;PAC_CONTRACT_UTILS;PACKAGE BODY;14178387;10246;0;13;9,76E+10;1.0
1;TKMTS;PAC_CONTRACT_EXTENDED;PACKAGE BODY;14178388;3223;0;10;0.00031026993484331366;1.0
1;TKMTS;PAC_CO_XML_GENERATED;PACKAGE;14178389;1274;5;0;0.0007849293563579278;0.0
1;TKMTS;PAC_CO_XML_GENERATED;PACKAGE BODY;14178390;1274;0;5;0.0007849293563579278;1.0
1;TKMTS;BO_ITEM_EXTRA_TRC;TRIGGER;11797089;82;0;0;0.012195121951219513;0
1;TKMTS;TR_BIU_OD_GROUPSTOCK_ST_CHECK;TRIGGER;11797107;54;0;1;0.018518518518518517;1.0
1;TKMTS;TR_BIU_CO_CV_ST_CHECK;TRIGGER;11797109;46;0;0;0.021739130434782608;0
1;TKMTS;TR_BIU_ST_CS_STOCKTYPE_CHECK;TRIGGER;11797110;78;0;1;0.01282051282051282;1.0
1;TKMTS;OD_POINTLOCATION_TRC;TRIGGER;11797120;82;0;0;0.012195121951219513;0
1;TKMTS;OD_POINTLOCATIONRESORT_TRC;TRIGGER;11797124;82;0;0;0.012195121951219513;0
1;TKMTS;OD_STOCKPOINTLOCGROUP_TRC;TRIGGER;11797129;82;0;0;0.012195121951219513;0
1;TKMTS;OD_STOCKPOINTLOCATION_TRC;TRIGGER;11797136;82;0;0;0.012195121951219513;0
1;TKMTS;VW_POINTLOCATIONBYSTOCK;VIEW;16700901;0;0;0;0;0
1;TKMTS;PAC_DATA_MAINT;PACKAGE;28554580;1263;1;0;0.000791765637371338;0.0
1;TKMTS;PAC_DATA_MAINT;PACKAGE BODY;28554581;1263;0;9;0.000791765637371338;1.0
1;TKMTS;TR_AIU_ENTERPRISEINBOXHIS;TRIGGER;3441329;10;0;0;0.1;0
1;TKMTS;PAC_INBOX;PACKAGE;3441331;1084;1;0;0.0009225092250922509;0.0
1;TKMTS;PAC_INBOX;PACKAGE BODY;3441332;1084;0;5;0.0009225092250922509;1.0
1;TKMTS;TR_CODETYPE_TRC;TRIGGER;3441337;41;0;0;0.024390243902439025;0
1;TKMTS;TR_CONTEXT_TRC;TRIGGER;3441340;41;0;0;0.024390243902439025;0
1;TKMTS;TR_EXCEPTIONCODE_TRC;TRIGGER;3441343;41;0;0;0.024390243902439025;0
1;TKMTS;TR_EXCEPTIONCONDITION_TRC;TRIGGER;3441346;41;0;0;0.024390243902439025;0
1;TKMTS;TR_AIUD_TR_EXCEPTIONCOND;TRIGGER;3441347;24;0;0;0.041666666666666664;0
1;TKMTS;VW_CLIENTS;VIEW;8674010;0;0;5;0;1.0
1;TKMTS;MB_FILE_TRC;TRIGGER;28904591;71;0;0;0.014084507042253521;0
1;TKMTS;OD_ENTITYBANK_TRC;TRIGGER;7677099;82;0;0;0.012195121951219513;0
1;TKMTS;TR_CTYPE_PARAM_UPPERCASE;TRIGGER;7677139;12;0;0;0.08333333333333333;0
1;TKMTS;TR_AIUD_BO_BILLING_CALC_ITEM;TRIGGER;22629821;212;0;0;0.0047169811320754715;0
1;TKMTS;F_GET_CLIENTSTOCKUNITCODE;FUNCTION;3615247;110;0;0;0.00909090909090909;0
1;TKMTS;TR_AIU_OD_CLIENT_DEFAULT_CXINF;TRIGGER;14952900;33;0;1;0.030303030303030304;1.0
1;TKMTS;TR_BIU_OD_PRODUCT_PAC_CHECK;TRIGGER;14952902;64;0;0;0.015625;0
1;TKMTS;GRP_PROVIDER_CRITERIA_G_TRC;TRIGGER;28509052;41;0;0;0.024390243902439025;0
1;TKMTS;GRP_PROVIDER_CRITERIA_C_TRC;TRIGGER;28509057;41;0;0;0.024390243902439025;0
1;TKMTS;BO_OVERRIDE_TRC;TRIGGER;26182530;41;0;0;0.024390243902439025;0
1;TKMTS;F_GETBILLINGCOSTPROMOTION;FUNCTION;8783546;38;0;0;0.02631578947368421;0
1;TKMTS;P_UTL_SETNOTIAFTERBOOKING;PROCEDURE;4968339;148;0;2;0.006756756756756757;1.0
1;TKMTS;VW_SHARED_UNIT;VIEW;10196610;0;0;0;0;0
1;TKMTS;VW_POINTLOCATIONNAME;VIEW;17560970;0;0;0;0;0
1;TKMTS;TR_AID_OD_CLIENTSALES_IAC;TRIGGER;17560971;67;0;0;0.014925373134328358;0
1;TKMTS;F_GET_CLIENTUNITTRCODE;FUNCTION;11377496;70;0;0;0.014285714285714285;0
1;TKMTS;FIX_TR_CODES;PROCEDURE;11377497;272;0;1;0.003676470588235294;1.0
1;TKMTS;PAC_CO_NSC;PACKAGE;28786754;2254;8;0;0.00044365572315882877;0.0
1;TKMTS;PAC_CO_NSC;PACKAGE BODY;28786755;2254;0;6;0.00044365572315882877;1.0
1;TKMTS;PAC_CONTRACT_RO;PACKAGE;28591882;10256;2;0;9,75E+10;0.0
1;TKMTS;F_GETTIMEDIFF_SECS;FUNCTION;8514212;58;1;0;0.017241379310344827;0.0
1;TKMTS;AU_USERVISIBILITY_TRC;TRIGGER;8514215;82;0;0;0.012195121951219513;0
1;TKMTS;AU_AUTHENTICATION_IP_TRC;TRIGGER;8514218;82;0;0;0.012195121951219513;0
1;TKMTS;PAC_SECURITY;PACKAGE;8514219;3778;2;0;0.00026469031233456857;0.0
1;TKMTS;PAC_SECURITY;PACKAGE BODY;8514220;3778;0;8;0.00026469031233456857;1.0
1;TKMTS;OD_CONTACTUSER_TRC;TRIGGER;8514223;82;0;0;0.012195121951219513;0
1;TKMTS;TR_AIU_TASK_ITEMSTATUSHIS;TRIGGER;8514229;36;0;0;0.027777777777777776;0
1;TKMTS;TASK_ITEM_TRC;TRIGGER;8514230;82;0;0;0.012195121951219513;0
1;TKMTS;TASK_ITEMSTATUSHIS_TRC;TRIGGER;8514233;82;0;0;0.012195121951219513;0
1;TKMTS;TASK_NOTE_TRC;TRIGGER;8514239;82;0;0;0.012195121951219513;0
1;TKMTS;TASK_GRANTED_TRC;TRIGGER;8514243;82;0;0;0.012195121951219513;0
1;TKMTS;OD_TOURISMDESTINATION_TRC;TRIGGER;8514249;82;0;0;0.012195121951219513;0
1;TKMTS;OD_TOURISMDESTINATIONLNG_TRC;TRIGGER;8514252;82;0;0;0.012195121951219513;0
1;TKMTS;OD_COMPANYSALES_TRC;TRIGGER;8514257;82;0;0;0.012195121951219513;0
1;TKMTS;OD_CLIENTSALES_TRC;TRIGGER;8514262;82;0;0;0.012195121951219513;0
1;TKMTS;OD_STOCKSALES_TRC;TRIGGER;8514267;82;0;0;0.012195121951219513;0
1;TKMTS;PAC_CO_CONSOLIDATE_EDITION;PACKAGE BODY;22017278;15921;0;8;6,28E+10;1.0
1;TKMTS;PAC_CO_CONSOLIDATE_EDITION;PACKAGE;22017277;15921;1;1;6,28E+10;0.5
1;TKMTS;CO_PRICELINE_CLIENTLIST_TRC;TRIGGER;22017311;82;0;0;0.012195121951219513;0
1;TKMTS;TR_BU_CO_PRICELINE_CLIENTPR_CK;TRIGGER;22017313;50;0;0;0.02;0
1;TKMTS;GD_COGROUP_CLIENTLIST_TRC;TRIGGER;22017321;82;0;0;0.012195121951219513;0
1;TKMTS;CO_CLIENTLIST_TRC;TRIGGER;22017329;41;0;0;0.024390243902439025;0
1;TKMTS;GD_POINTLOCATIONGROUP_TRC;TRIGGER;28585075;41;0;0;0.024390243902439025;0
1;TKMTS;TR_BIU_SD_RESORT_CHECK_GROUP;TRIGGER;28585078;32;0;0;0.03125;0
1;TKMTS;OD_RESORTOFFICEPOINTLOCGR_TRC;TRIGGER;28585083;41;0;0;0.024390243902439025;0
1;TKMTS;TR_BIU_OD_RESORTOFPOIGRO_CHECK;TRIGGER;28585084;29;0;0;0.034482758620689655;0
1;TKMTS;GRP_FLEET_TRC;TRIGGER;28585090;39;0;0;0.02564102564102564;0
1;TKMTS;MB_ENTITY_TRC;TRIGGER;14178311;98;0;0;0.01020408163265306;0
1;TKMTS;MB_ENTITY_SETTING_DETAIL_TRC;TRIGGER;14178316;98;0;0;0.01020408163265306;0
1;TKMTS;TRBIU_MB_ENTITY_SETTING;TRIGGER;14178318;106;0;1;0.009433962264150943;1.0
1;TKMTS;TRBIU_MB_ENTITY_SETTING_DETAIL;TRIGGER;14178319;106;0;1;0.009433962264150943;1.0
1;TKMTS;TR_BI_ESB_WB_CONS_SETUP_SEQ;TRIGGER;10122822;38;0;0;0.02631578947368421;0
1;TKMTS;GRP_INCONSISTENCY_TRC;TRIGGER;26182449;41;0;0;0.024390243902439025;0
1;TKMTS;PAC_GROUPING;PACKAGE;26182450;910;2;0;0.001098901098901099;0.0
1;TKMTS;PAC_GROUPING;PACKAGE BODY;26182451;910;0;5;0.001098901098901099;1.0
1;TKMTS;OD_FLIGHT_GRP_INCONSIST_TRG;TRIGGER;26182452;124;0;1;0.008064516129032258;1.0
1;TKMTS;TR_GRP_CONTACT_PROVIDER_CK;TRIGGER;26182460;98;0;0;0.01020408163265306;0
1;TKMTS;CO_ITINERARY_CO_POLOCGROUPTRC;TRIGGER;28839081;82;0;0;0.012195121951219513;0
1;TKMTS;TR_CAIU_CO_CLIENTVIS_AP_CK;TRIGGER;28839085;112;0;2;0.008928571428571428;1.0
1;TKMTS;MVW_STATEMENT_CLIENTSETTING;MATERIALIZED VIEW;28839087;0;0;0;0;0
1;TKMTS;PAC_INBOX_LOGS;PACKAGE;28839092;204;1;0;0.004901960784313725;0.0
1;TKMTS;PAC_INBOX_LOGS;PACKAGE BODY;28839093;204;0;5;0.004901960784313725;1.0
1;TKMTS;GD_TR_STOCKTYPE_TRC;TRIGGER;20440979;82;0;0;0.012195121951219513;0
1;TKMTS;GD_TR_STOCKTYPELNG_TRC;TRIGGER;20440983;82;0;0;0.012195121951219513;0
1;TKMTS;TR_BIU_OD_STOCK_TR_DE_PL_CHECK;TRIGGER;20440986;148;0;0;0.006756756756756757;0
1;TKMTS;PAC_VALIDATION_CV;PACKAGE;20440987;904;5;0;0.0011061946902654867;0.0
1;TKMTS;PAC_VALIDATION_CV;PACKAGE BODY;20440988;904;0;4;0.0011061946902654867;1.0
1;TKMTS;TR_CAIU_CO_CLIENTVI_PRODUCT_CK;TRIGGER;20440989;180;0;2;0.005555555555555556;1.0
1;TKMTS;TR_BIU_OD_CLIENT_ISONSALE;TRIGGER;20440990;45;0;0;0.022222222222222223;0
1;TKMTS;TR_BIU_OD_STOCK_ISONSALE;TRIGGER;20440991;45;0;0;0.022222222222222223;0
1;TKMTS;PAC_CONTRACT_BREAKLINE;PACKAGE;20440994;8270;4;0;0.00012091898428053205;0.0
1;TKMTS;PAC_CONTRACT_BREAKLINE;PACKAGE BODY;20440995;8270;0;10;0.00012091898428053205;1.0
1;TKMTS;CO_PRICELINE_POINTLOLIST_TRC;TRIGGER;22017337;41;0;0;0.024390243902439025;0
1;TKMTS;CO_ITINERARY_TRC;TRIGGER;24039970;82;0;0;0.012195121951219513;0
1;TKMTS;CO_ITINERARY_CONTRACT_TRC;TRIGGER;24039978;82;0;0;0.012195121951219513;0
1;TKMTS;TR_BIU_BO_ITEM_VOUCHERREF;TRIGGER;19919578;49;0;0;0.02040816326530612;0
1;TKMTS;PAC_DYNAMIC_QUERY_INBOX;PACKAGE;28586175;4396;1;0;0.00022747952684258417;0.0
1;TKMTS;ESB_NOTIF_JOB_HISTORY_TRC;TRIGGER;28586265;78;0;0;0.01282051282051282;0
1;TKMTS;PAC_DYNAMIC_QUERY_INBOX;PACKAGE BODY;28586176;4396;0;2;0.00022747952684258417;1.0
1;TKMTS;VW_SI_BOOKINGS;VIEW;28428665;0;1;0;0;0.0
1;TKMTS;GET_HTML_REPORT;FUNCTION;28429069;184;0;0;0.005434782608695652;0
1;TKMTS;VW_SI_CONTRACTS;VIEW;28428524;0;1;0;0;0.0
1;TKMTS;VW_REPORT_ROOMPORTFOLIOPRODUCT;VIEW;28590155;0;0;0;0;0
1;TKMTS;TR_BIU_OD_STOCK_AC_DET_CHECK;TRIGGER;11797259;66;0;1;0.015151515151515152;1.0
1;TKMTS;TR_BIU_ER_OD_STOCKPOINTL_CHECK;TRIGGER;11797260;62;0;1;0.016129032258064516;1.0
1;TKMTS;VW_POINTLOCATION;VIEW;11797261;0;1;0;0;0.0
1;TKMTS;PAC_DYNAMIC_QUERY_COM;PACKAGE;23398378;12551;1;0;7,97E+10;0.0
1;TKMTS;PAC_DYNAMIC_QUERY_COM;PACKAGE BODY;23398379;12551;0;2;7,97E+10;1.0
1;TKMTS;BO_INVOICE_PAYMENT_TRC;TRIGGER;6906855;82;0;0;0.012195121951219513;0
1;TKMTS;BO_NOTE_TRC;TRIGGER;6906856;82;0;0;0.012195121951219513;0
1;TKMTS;BO_HEADERSTATUSHIS_TRC;TRIGGER;6906857;82;0;0;0.012195121951219513;0
1;TKMTS;TR_AIU_BO_HEADERSTATUSHIS;TRIGGER;6906858;80;0;0;0.0125;0
1;TKMTS;BO_PROCESSXML_TRC;TRIGGER;6906869;82;0;0;0.012195121951219513;0
1;TKMTS;PAC_BOOKINGMAN;PACKAGE;6906872;3148;7;0;0.0003176620076238882;0.0
1;TKMTS;PAC_BOOKINGMAN;PACKAGE BODY;6906873;3148;0;6;0.0003176620076238882;1.0
1;TKMTS;F_ISVALIDCOORDINATE;FUNCTION;28860766;58;0;0;0.017241379310344827;0
1;TKMTS;TR_CIUD_OD_STOCK_NBC_CI_CALC;TRIGGER;19587923;80;0;1;0.0125;1.0
1;TKMTS;TR_CIUD_OD_STOCK_NBC_HS_CALC;TRIGGER;19587922;80;0;1;0.0125;1.0
1;TKMTS;PAC_DYNAMIC_QUERY_CV;PACKAGE;19587926;13553;1;0;7,38E+10;0.0
1;TKMTS;PAC_DYNAMIC_QUERY_CV;PACKAGE BODY;19587927;13553;0;2;7,38E+10;1.0
1;TKMTS;PAC_VALIDATION_BASE;PACKAGE;19587928;188;5;0;0.005319148936170213;0.0
1;TKMTS;PAC_VALIDATION_BASE;PACKAGE BODY;19587929;188;0;2;0.005319148936170213;1.0
1;TKMTS;PAC_VALIDATION_ENTITY;PACKAGE;19587930;593;1;0;0.0016863406408094434;0.0
1;TKMTS;PAC_VALIDATION_ENTITY;PACKAGE BODY;19587931;593;0;5;0.0016863406408094434;1.0
1;TKMTS;PAC_STOCK;PACKAGE;19587932;11476;5;0;8,71E+09;0.0
1;TKMTS;PAC_STOCK;PACKAGE BODY;19587933;11476;0;12;8,71E+09;1.0
1;TKMTS;PAC_STOCK_EXTENDED;PACKAGE;19587934;838;1;0;0.0011933174224343676;0.0
1;TKMTS;TR_GRP_HISTORYDETAIL_TRC;TRIGGER;28553463;76;0;0;0.013157894736842105;0
1;TKMTS;TR_BO_GRP_HISTORY_TRC;TRIGGER;28553479;76;0;0;0.013157894736842105;0
1;TKMTS;TR_GRP_BO_HISTORY_TRC;TRIGGER;28553484;76;0;0;0.013157894736842105;0
1;TKMTS;VW_PORTFOLIO_ONSALE;VIEW;28593107;0;0;1;0;1.0
1;TKMTS;VW_STATEMENT_ADDRESSES;VIEW;28593108;0;1;0;0;0.0
1;TKMTS;VW_STATEMENT_BOARDS;VIEW;28593110;0;0;0;0;0
1;TKMTS;VW_STATEMENT_HOTELS;VIEW;28593112;0;1;3;0;0.75
1;TKMTS;VW_STATEMENT_MEASURECONCEPTS;VIEW;28593113;0;0;0;0;0
1;TKMTS;VW_STATEMENT_MEASUREUNITS;VIEW;28593114;0;0;0;0;0
1;TKMTS;VW_STATEMENT_NOTESSTOCK;VIEW;28593115;0;0;0;0;0
1;TKMTS;VW_STATEMENT_PICTURES;VIEW;28593116;0;0;0;0;0
1;TKMTS;VW_STATEMENT_PROPERTYCODES;VIEW;28593117;0;0;0;0;0
1;TKMTS;VW_STATEMENT_PROPERTYLISTS;VIEW;28593118;0;0;0;0;0
1;TKMTS;VW_STATEMENT_SERVICETYPES;VIEW;28593121;0;0;0;0;0
1;TKMTS;VW_STATEMENT_STOCKSERVICES;VIEW;28593122;0;1;0;0;0.0
1;TKMTS;VW_STATEMENT_STOCKSERVICES_CI;VIEW;28593123;0;1;0;0;0.0
1;TKMTS;TR_CODE_AVOID_DUP_CONTEXT;TRIGGER;10801220;74;0;0;0.013513513513513514;0
1;TKMTS;VW_NBC_STOCK;VIEW;23009413;0;0;0;0;0
1;TKMTS;IATA_AIRPORT_TERMINAL_TRC;TRIGGER;23024123;82;0;0;0.012195121951219513;0
1;TKMTS;IATA_AIRPORT_TRM_AIRLINE_TRC;TRIGGER;23024128;82;0;0;0.012195121951219513;0
1;TKMTS;F_RETURN_DATE_OK;FUNCTION;23024133;16;0;0;0.0625;0
1;TKMTS;TR_AIU_OD_STOCK_NBC_HS_L_SETQA;TRIGGER;23024158;45;0;1;0.022222222222222223;1.0
1;TKMTS;PAC_DYNAMIC_QUERY_FLIGHT;PACKAGE;28582614;6620;1;0;0.00015105740181268882;0.0
1;TKMTS;PAC_DYNAMIC_QUERY_FLIGHT;PACKAGE BODY;28582615;6620;0;2;0.00015105740181268882;1.0
1;TKMTS;MB_ITEM_PARTITION_TRC;TRIGGER;28606644;29;0;0;0.034482758620689655;0
1;TKMTS;TR_AIU_MB_ITEM_P_STATUSHIS;TRIGGER;28606645;9;0;0;0.1111111111111111;0
1;TKMTS;PAC_TRANSFER_EDF_XML;PACKAGE;28305103;584;1;0;0.0017123287671232876;0.0
1;TKMTS;PAC_TRANSFER_EDF_XML;PACKAGE BODY;28305104;584;0;2;0.0017123287671232876;1.0
1;TKMTS;PAC_STOCK_EXTENDED;PACKAGE BODY;19588023;838;0;7;0.0011933174224343676;1.0
1;TKMTS;TR_AU_OD_STOCK_HS_SEND_MAIL;TRIGGER;22622095;75;0;2;0.013333333333333334;1.0
1;TKMTS;GRP_GROUPINGSTATUSHIS_TRC;TRIGGER;22622096;82;0;0;0.012195121951219513;0
1;TKMTS;GRP_GROUPING_TRC;TRIGGER;22622097;82;0;0;0.012195121951219513;0
1;TKMTS;TR_AIU_GRP_GROUPINGSTATUSHIS;TRIGGER;22622098;36;0;0;0.027777777777777776;0
1;TKMTS;GRP_GROUPINGNOTE_TRC;TRIGGER;22622121;78;0;0;0.01282051282051282;0
1;TKMTS;BO_HEADER_TRC;TRIGGER;6906849;82;0;0;0.012195121951219513;0
1;TKMTS;BO_ITEM_TRC;TRIGGER;6906850;82;0;0;0.012195121951219513;0
1;TKMTS;BO_PAX_TRC;TRIGGER;6906851;82;0;0;0.012195121951219513;0
1;TKMTS;BO_BILLING_TRC;TRIGGER;6906853;82;0;0;0.012195121951219513;0
1;TKMTS;BO_BILLING_PAX_DETAIL_TRC;TRIGGER;6906854;82;0;0;0.012195121951219513;0
1;TKMTS;OD_CLIENTSTATUSHIS_TRC;TRIGGER;17042532;41;0;0;0.024390243902439025;0
1;TKMTS;TR_AIU_CLIENT_CLIENTSTATUSHIS;TRIGGER;17042533;28;0;0;0.03571428571428571;0
1;TKMTS;TR_BIU_OD_CLIENTSALES_CK;TRIGGER;17042534;62;0;1;0.016129032258064516;1.0
1;TKMTS;TR_CAIU_OD_CLIENT_PARENT_CK;TRIGGER;17042535;186;0;1;0.005376344086021506;1.0
1;TKMTS;TR_AIUD_OD_PRODUCT_DATE_CALC;TRIGGER;17042536;34;0;1;0.029411764705882353;1.0
1;TKMTS;TR_AU_OD_ENTITY_ST_DATE_CALC;TRIGGER;17042537;35;0;1;0.02857142857142857;1.0
1;TKMTS;TR_AU_OD_STOCK_AC_DETAIL_CALC;TRIGGER;17042538;34;0;1;0.029411764705882353;1.0
1;TKMTS;TR_BU_STOCK_MODDATE_STOCK_CALC;TRIGGER;17042539;34;0;0;0.029411764705882353;0
1;TKMTS;TR_CIUD_OD_STOCK_NBC_CALC;TRIGGER;17042540;80;0;2;0.0125;1.0
1;TKMTS;TR_CIUD_OD_STOCK_NBC_LIST_CALC;TRIGGER;17042541;78;0;1;0.01282051282051282;1.0
1;TKMTS;TR_CIUD_OD_STOCK_NBC_P_CALC;TRIGGER;17042542;80;0;2;0.0125;1.0
1;TKMTS;TR_CIUD_OD_STOCK_NBC_P_LN_CALC;TRIGGER;17042543;96;0;1;0.010416666666666666;1.0
1;TKMTS;TR_CIUD_OD_STOCK_NBC_VAL_CALC;TRIGGER;17042544;78;0;1;0.01282051282051282;1.0
1;TKMTS;TR_CIUD_OD_STOCK_NBCST_CALC;TRIGGER;17042545;80;0;2;0.0125;1.0
1;TKMTS;TR_CIUD_OD_STOCKSUB_NBC_CALC;TRIGGER;17042546;78;0;1;0.01282051282051282;1.0
1;TKMTS;TR_CIUD_OD_STOCKSUB_NBC_L_CALC;TRIGGER;17042547;78;0;1;0.01282051282051282;1.0
1;TKMTS;TR_CIUD_OD_STOCKSUB_NBC_V_CALC;TRIGGER;17042548;78;0;1;0.01282051282051282;1.0
1;TKMTS;TR_CIUD_OD_STOCKSUB_NBCST_CALC;TRIGGER;17042549;78;0;1;0.01282051282051282;1.0
1;TKMTS;TR_CIUD_OD_STOCKUNI_NBC_CALC;TRIGGER;17042550;78;0;1;0.01282051282051282;1.0
1;TKMTS;TR_CIUD_OD_STOCKUNI_NBC_L_CALC;TRIGGER;17042551;78;0;1;0.01282051282051282;1.0
1;TKMTS;TR_CIUD_OD_STOCKUNI_NBC_V_CALC;TRIGGER;17042552;78;0;1;0.01282051282051282;1.0
1;TKMTS;TR_CIUD_OD_STOCKUNI_NBCST_CALC;TRIGGER;17042553;78;0;1;0.01282051282051282;1.0
1;TKMTS;COM_SETTING_TRC;TRIGGER;16273397;82;0;0;0.012195121951219513;0
1;TKMTS;OD_COM_CONDITION_TRC;TRIGGER;16273398;82;0;0;0.012195121951219513;0
1;TKMTS;OD_COM_ENTITY_TRC;TRIGGER;16273399;82;0;0;0.012195121951219513;0
1;TKMTS;OD_COM_LOG_TRC;TRIGGER;16273401;41;0;0;0.024390243902439025;0
1;TKMTS;OD_COM_LOGMESSAGE_TRC;TRIGGER;16273402;41;0;0;0.024390243902439025;0
1;TKMTS;COM_TYPEGROUP_TRC;TRIGGER;16273404;41;0;0;0.024390243902439025;0
1;TKMTS;COM_TYPE_TRC;TRIGGER;16273405;82;0;0;0.012195121951219513;0
1;TKMTS;COM_TYPELNG_TRC;TRIGGER;16273406;82;0;0;0.012195121951219513;0
1;TKMTS;COM_SUBTYPECODE_TRC;TRIGGER;16273407;82;0;0;0.012195121951219513;0
1;TKMTS;COM_SUBTYPECODELNG_TRC;TRIGGER;16273408;82;0;0;0.012195121951219513;0
1;TKMTS;COM_SUBTYPE_TRC;TRIGGER;16273409;82;0;0;0.012195121951219513;0
1;TKMTS;COM_RELEASETYPE_TRC;TRIGGER;16273410;82;0;0;0.012195121951219513;0
1;TKMTS;COM_RELEASETYPELNG_TRC;TRIGGER;16273411;82;0;0;0.012195121951219513;0
1;TKMTS;COM_NOTIFY_METHOD_TRC;TRIGGER;16273412;82;0;0;0.012195121951219513;0
1;TKMTS;OD_COM_LOGSTATUSHIS_TRC;TRIGGER;16273414;82;0;0;0.012195121951219513;0
1;TKMTS;COM_PARAMETERGROUP_TRC;TRIGGER;16273415;82;0;0;0.012195121951219513;0
1;TKMTS;COM_PARAMETER_TRC;TRIGGER;16273416;82;0;0;0.012195121951219513;0
1;TKMTS;COM_NOTIFYTARGET_TRC;TRIGGER;16273417;82;0;0;0.012195121951219513;0
1;TKMTS;COM_NOTIFYTARGETLNG_TRC;TRIGGER;16273418;82;0;0;0.012195121951219513;0
1;TKMTS;COM_NOTIFYTARGET_TYPE_TRC;TRIGGER;16273419;82;0;0;0.012195121951219513;0
1;TKMTS;TR_AIU_OD_COM_LOG_STATUSHIS;TRIGGER;16273421;28;0;0;0.03571428571428571;0
1;TKMTS;TR_BIU_OD_COM_CONDITION_CON_CK;TRIGGER;16273422;74;0;1;0.013513513513513514;1.0
1;TKMTS;PAC_COMMUNICATION;PACKAGE;16273424;1559;6;0;0.0006414368184733803;0.0
1;TKMTS;PAC_COMMUNICATION;PACKAGE BODY;16273425;1559;0;3;0.0006414368184733803;1.0
1;TKMTS;TR_CAIU_OD_STOCK_AD_DET_CL_B2B;TRIGGER;16273426;102;0;1;0.00980392156862745;1.0
1;TKMTS;GD_LCODE_TRC;TRIGGER;6906723;82;0;0;0.012195121951219513;0
1;TKMTS;GD_LCODECLOSETO_TRC;TRIGGER;6906724;82;0;0;0.012195121951219513;0
1;TKMTS;GD_LCODELNG_TRC;TRIGGER;6906725;82;0;0;0.012195121951219513;0
1;TKMTS;GD_LCODEREGION_TRC;TRIGGER;6906726;82;0;0;0.012195121951219513;0
1;TKMTS;GD_LCODETYPE_TRC;TRIGGER;6906727;82;0;0;0.012195121951219513;0
1;TKMTS;GD_LCODETYPELNG_TRC;TRIGGER;6906728;82;0;0;0.012195121951219513;0
1;TKMTS;OD_CLIENTB2BCODE_TRC;TRIGGER;6906745;82;0;0;0.012195121951219513;0
1;TKMTS;TR_AU_OD_CLIENTB2BCODE_B2B;TRIGGER;6906747;38;0;1;0.02631578947368421;1.0
1;TKMTS;TR_AIU_OD_INAGENCYCLIENT_B2B;TRIGGER;6906748;38;0;1;0.02631578947368421;1.0
1;TKMTS;CO_CVCONTRACTUNIT_EXCLUDED_TRC;TRIGGER;6906755;82;0;0;0.012195121951219513;0
1;TKMTS;BO_SERVICETYPE_TRC;TRIGGER;6906766;82;0;0;0.012195121951219513;0
1;TKMTS;BO_SERVICETYPELNG_TRC;TRIGGER;6906767;82;0;0;0.012195121951219513;0
1;TKMTS;GD_POINTLOCATIONTYPE_TRC;TRIGGER;6906768;82;0;0;0.012195121951219513;0
1;TKMTS;GD_POINTLOCATIONTYPELNG_TRC;TRIGGER;6906769;82;0;0;0.012195121951219513;0
1;TKMTS;COM_RELEASETYPECODE_TRC;TRIGGER;21504359;82;0;0;0.012195121951219513;0
1;TKMTS;PAC_TRANSFORMER_UTILS;PACKAGE;28131842;404;2;0;0.0024752475247524753;0.0
1;TKMTS;PAC_TRANSFORMER_UTILS;PACKAGE BODY;28131843;404;0;3;0.0024752475247524753;1.0
1;TKMTS;PAC_TRANSFORMER_CONTRACT;PACKAGE;28131844;24410;2;0;4,10E+10;0.0
1;TKMTS;PAC_TRANSFORMER_CONTRACT;PACKAGE BODY;28131845;24410;0;9;4,10E+10;1.0
1;TKMTS;VW_TMP_NBC_HOTELSEARCH;VIEW;28209593;0;0;0;0;0
1;TKMTS;BO_SALESAGENT_TRC;TRIGGER;28858105;82;0;0;0.012195121951219513;0
1;TKMTS;TR_BIU_OD_PROVIDER_ISONSALE;TRIGGER;19130670;45;0;0;0.022222222222222223;0
1;TKMTS;TR_AIU_PROVIDER_PROVSTATUSHIS;TRIGGER;19130674;32;0;0;0.03125;0
1;TKMTS;OD_PROVIDERSTATUSHIS_TRC;TRIGGER;19130675;82;0;0;0.012195121951219513;0
1;TKMTS;COM_PARAMETERGROUPLNG_TRC;TRIGGER;19130684;82;0;0;0.012195121951219513;0
1;TKMTS;COM_PARAMETERLNG_TRC;TRIGGER;19130688;82;0;0;0.012195121951219513;0
1;TKMTS;TR_BIU_OD_COM_COND_PARAM_CK;TRIGGER;19130691;108;0;0;0.009259259259259259;0
1;TKMTS;TR_BIU_COM_PARAMETER_UPP;TRIGGER;19130692;26;0;0;0.038461538461538464;0
1;TKMTS;TR_BIU_COM_PARAMETERGROUP_UPP;TRIGGER;19130693;26;0;0;0.038461538461538464;0
1;TKMTS;OD_COM_CONDITION_PARAM_TRC;TRIGGER;19130694;82;0;0;0.012195121951219513;0
1;TKMTS;OD_PROVIDERSALES_TRC;TRIGGER;19130704;41;0;0;0.024390243902439025;0
1;TKMTS;TR_BIU_OD_PROVIDERSALES_CK;TRIGGER;19130705;112;0;0;0.008928571428571428;0
1;TKMTS;TR_BIU_OD_CONTRACTAGE_ISONSALE;TRIGGER;19130711;23;0;0;0.043478260869565216;0
1;TKMTS;TR_AIU_COAGENCY_CONAGSTATUSHIS;TRIGGER;19130715;28;0;0;0.03571428571428571;0
1;TKMTS;OD_CONTRACTAGENSTATUSHIS_TRC;TRIGGER;19130716;82;0;0;0.012195121951219513;0
1;TKMTS;OD_RESORTOFFICETOURISMDE_TRC;TRIGGER;19130722;82;0;0;0.012195121951219513;0
1;TKMTS;PAC_DYNAMIC_QUERY_BASE;PACKAGE;19130725;5379;28;0;0.00018590816136828406;0.0
1;TKMTS;PAC_DYNAMIC_QUERY_BASE;PACKAGE BODY;19130726;5379;0;3;0.00018590816136828406;1.0
1;TKMTS;PAC_DYNAMIC_QUERY_BOOKING;PACKAGE;19130727;17191;1;0;5,82E+10;0.0
1;TKMTS;PAC_DYNAMIC_QUERY_BOOKING;PACKAGE BODY;19130728;17191;0;4;5,82E+10;1.0
1;TKMTS;OD_STOCKPICKUPPOINT_TRC;TRIGGER;19130734;82;0;0;0.012195121951219513;0
1;TKMTS;OD_STOCKSERVICEITINERARY_TRC;TRIGGER;19130740;82;0;0;0.012195121951219513;0
1;TKMTS;TR_BIU_SD_RESORT_CHECK_TR_DES;TRIGGER;28591753;65;0;0;0.015384615384615385;0
1;TKMTS;TR_AIU_BO_ITEM_D_NOTIFY;TRIGGER;9184706;72;0;1;0.013888888888888888;1.0
1;TKMTS;PAC_XML_CONTRACT_CON_TEST;PACKAGE;30292829;8098;1;0;0.00012348728081007656;0.0
1;TKMTS;PAC_XML_CONTRACT_CON_TEST;PACKAGE BODY;30292830;8098;0;21;0.00012348728081007656;1.0
1;TKMTS;ST_CANCELBANDFEEDESCTEMPL_TRC;TRIGGER;4219034;41;0;0;0.024390243902439025;0
1;TKMTS;ST_CANCELBANDEDFEELNG_TRC;TRIGGER;4219039;41;0;0;0.024390243902439025;0
1;TKMTS;TR_AIUD_ST_CANCELBANDFEETEMPL;TRIGGER;4219040;92;0;1;0.010869565217391304;1.0
1;TKMTS;TR_AIU_ST_CANCELBANDEDFEE_DESC;TRIGGER;4219041;68;0;1;0.014705882352941176;1.0
1;TKMTS;CO_CVCONTRACTUNITSTATUSHIS_TRC;TRIGGER;10035543;82;0;0;0.012195121951219513;0
1;TKMTS;TR_AIU_CO_CVCONTRACTUNIT_E_HIS;TRIGGER;10035544;38;0;0;0.02631578947368421;0
1;TKMTS;ESB_UNITB2B_TRC;TRIGGER;10035581;82;0;0;0.012195121951219513;0
1;TKMTS;PAC_FLOW_CV_UNIT_EXCLUDED;PACKAGE;10035582;198;3;0;0.005050505050505051;0.0
1;TKMTS;PAC_FLOW_CV_UNIT_EXCLUDED;PACKAGE BODY;10035583;198;0;4;0.005050505050505051;1.0
1;TKMTS;TR_AIUD_CO_CLIENTVIS_CL_B2B;TRIGGER;10035584;48;0;1;0.020833333333333332;1.0
1;TKMTS;TR_AID_ER_TR_EXCEPTIONCOND_B2B;TRIGGER;10035585;26;0;0;0.038461538461538464;0
1;TKMTS;TR_AID_TR_EXCEPTIONCOND_B2B;TRIGGER;10035586;56;0;1;0.017857142857142856;1.0
1;TKMTS;TR_AU_CO_CU_PRODUCT_ATCOM_B2B;TRIGGER;10035587;44;0;1;0.022727272727272728;1.0
1;TKMTS;TR_AU_OD_STOCKUNIT_B2B;TRIGGER;10035588;46;0;1;0.021739130434782608;1.0
1;TKMTS;TR_AU_TR_CODE_B2B;TRIGGER;10035589;39;0;1;0.02564102564102564;1.0
1;TKMTS;TR_BU_CO_CLIENTVIS_DELTA_NOTIF;TRIGGER;28585938;21;0;0;0.047619047619047616;0
1;TKMTS;PAC_BOOKINGZEN;PACKAGE;28585812;1108;1;0;0.0009025270758122744;0.0
1;TKMTS;PAC_BOOKINGZEN;PACKAGE BODY;28585813;1108;0;5;0.0009025270758122744;1.0
1;TKMTS;OD_ENTITYEDITION_TRC;TRIGGER;16273231;82;0;0;0.012195121951219513;0
1;TKMTS;PAC_ENTITY;PACKAGE;16273232;2920;4;0;0.00034246575342465754;0.0
1;TKMTS;PAC_ENTITY;PACKAGE BODY;16273233;2920;0;4;0.00034246575342465754;1.0
1;TKMTS;PAC_DYNAMIC_QUERY_CONTRACT;PACKAGE;25706637;9837;1;0;0.00010165700925078785;0.0
1;TKMTS;PAC_DYNAMIC_QUERY_CONTRACT;PACKAGE BODY;25706638;9837;0;2;0.00010165700925078785;1.0
1;TKMTS;VW_REPORT_CONTRACT_CXL;VIEW;28551892;0;0;0;0;0
1;TKMTS;PAC_TR_CODE;PACKAGE BODY;4283417;982;0;2;0.0010183299389002036;1.0
1;TKMTS;PAC_TR_CODE;PACKAGE;4276611;982;1;0;0.0010183299389002036;0.0
1;TKMTS;CO_EDITION_XML_HIS_TYPE_TRC;TRIGGER;24629299;82;0;0;0.012195121951219513;0
1;TKMTS;CO_CLOSEOUT_POINTLOLIST_TRC;TRIGGER;24629313;78;0;0;0.01282051282051282;0
1;TKMTS;PAC_SECURITY_MAN;PACKAGE;8605742;830;1;0;0.0012048192771084338;0.0
1;TKMTS;PAC_SECURITY_MAN;PACKAGE BODY;8605799;830;0;3;0.0012048192771084338;1.0
1;TKMTS;YD_TYPE_TRC;TRIGGER;28881063;76;0;0;0.013157894736842105;0
1;TKMTS;TR_AUI_YD_RULESTATUSHIS;TRIGGER;28881070;46;0;0;0.021739130434782608;0
1;TKMTS;YD_RULE_TRC;TRIGGER;28881071;82;0;0;0.012195121951219513;0
1;TKMTS;YD_RULESTATUSHIS_TRC;TRIGGER;28881075;76;0;0;0.013157894736842105;0
1;TKMTS;TR_CIUD_YD_EDITION_FILL_LASTED;TRIGGER;28881083;134;0;1;0.007462686567164179;1.0
1;TKMTS;YD_EDITION_TRC;TRIGGER;28881084;76;0;0;0.013157894736842105;0
1;TKMTS;YD_RATERANGE_TRC;TRIGGER;28881088;82;0;0;0.012195121951219513;0
1;TKMTS;PAC_DYNAMIC_QUERY_BOGCOMPLAINT;PACKAGE;29199443;4619;1;0;0.00021649707728945658;0.0
1;TKMTS;PAC_DYNAMIC_QUERY_BOGCOMPLAINT;PACKAGE BODY;29199444;4619;0;2;0.00021649707728945658;1.0
1;TKMTS;CO_AVAILABILITY_CATEGLNG_TRC;TRIGGER;29308333;82;0;0;0.012195121951219513;0
1;TKMTS;CO_AVAILABILITY_ACTIONLNG_TRC;TRIGGER;29308338;82;0;0;0.012195121951219513;0
1;TKMTS;CO_AVAILABILITY_TYPELNG_TRC;TRIGGER;29308343;82;0;0;0.012195121951219513;0
1;TKMTS;PAC_AVAILABILITY;PACKAGE;29308344;3410;7;1;0.0002932551319648094;0.125
1;TKMTS;PAC_AVAILABILITY;PACKAGE BODY;29308345;3410;0;9;0.0002932551319648094;1.0
1;TKMTS;PAC_FLOW_AVAILABILITY;PACKAGE;29308346;318;3;0;0.0031446540880503146;0.0
1;TKMTS;PAC_FLOW_AVAILABILITY;PACKAGE BODY;29308347;318;0;4;0.0031446540880503146;1.0
1;TKMTS;PAC_DYNAMIC_QUERY_GRP_OVERVIEW;PACKAGE BODY;28939156;11832;0;2;8,45E+10;1.0
1;TKMTS;PAC_DYNAMIC_QUERY_GRP_OVERVIEW;PACKAGE;28939155;11832;1;0;8,45E+10;0.0
1;TKMTS;BO_NOTE_ATTACHMENT_TRC;TRIGGER;28939272;76;0;0;0.013157894736842105;0
1;TKMTS;MVW_BI_CLIENTPORTFOLIO_V2;MATERIALIZED VIEW;28826368;0;0;4;0;1.0
1;TKMTS;MB_PROVIDER_TRC;TRIGGER;30381721;78;0;0;0.01282051282051282;0
1;TKMTS;TR_AIU_MB_PROVIDERSTATUSHIS;TRIGGER;30381722;44;0;0;0.022727272727272728;0
1;TKMTS;MB_PROVIDER_FILE_TRC;TRIGGER;30381723;78;0;0;0.01282051282051282;0
1;TKMTS;MB_PROVIDER_ATTACHMENT_TRC;TRIGGER;30381724;78;0;0;0.01282051282051282;0
1;TKMTS;MB_PROVIDER_NOTE_TRC;TRIGGER;30381725;78;0;0;0.01282051282051282;0
1;TKMTS;YD_CONTRACTINGGROUP_TRC;TRIGGER;28881278;79;0;0;0.012658227848101266;0
1;TKMTS;YD_RESORTOFFICE_TRC;TRIGGER;28881300;76;0;0;0.013157894736842105;0
1;TKMTS;CO_PRICELINE_COGROUPLIST_TRC;TRIGGER;28892601;82;0;0;0.012195121951219513;0
1;TKMTS;CO_PRICELINE_STGROUPLIST_TRC;TRIGGER;28892608;82;0;0;0.012195121951219513;0
1;TKMTS;PAC_J2H_INTERFACE;PACKAGE;28892613;2818;1;0;0.00035486160397445;0.0
1;TKMTS;PAC_J2H_INTERFACE;PACKAGE BODY;28892614;2818;0;10;0.00035486160397445;1.0
1;TKMTS;TR_AU_OD_FLIGHT_LOG;TRIGGER;28892620;92;0;0;0.010869565217391304;0
1;TKMTS;T_PDQ_BOOKING_P_BOOKING;TYPE;30327934;1;0;0;1.0;0
1;TKMTS;PAC_DYNAMIC_QUERY_BOOKING_Q;PACKAGE;30327933;8295;1;0;0.00012055455093429777;0.0
1;TKMTS;OD_CLIENT_ST_CXL_DEST_TRC;TRIGGER;30182709;60;0;0;0.016666666666666666;0
1;TKMTS;PAC_XML_YIELD;PACKAGE;28890938;2244;1;0;0.000445632798573975;0.0
1;TKMTS;PAC_XML_YIELD;PACKAGE BODY;28890939;2244;0;5;0.000445632798573975;1.0
1;TKMTS;PAC_ESBCOMMMESSAGE;PACKAGE;28837473;581;1;0;0.0017211703958691911;0.0
1;TKMTS;PAC_ESBCOMMMESSAGE;PACKAGE BODY;28837474;581;0;5;0.0017211703958691911;1.0
1;TKMTS;AU_AUTHENTICATION_IP_PK_TRC;TRIGGER;28904506;20;0;0;0.05;0
1;TKMTS;TR_AU_TR_CODE_LOG;TRIGGER;28904518;76;0;0;0.013157894736842105;0
1;TKMTS;TR_AU_TR_EXCEPTIONCODE_LOG;TRIGGER;28904519;66;0;0;0.015151515151515152;0
1;TKMTS;TR_AU_TR_EXCEPTIONCONDITIONLOG;TRIGGER;28904520;64;0;0;0.015625;0
1;TKMTS;YD_FILTER_TRC;TRIGGER;28881094;76;0;0;0.013157894736842105;0
1;TKMTS;YD_CLIENT_TRC;TRIGGER;28881100;76;0;0;0.013157894736842105;0
1;TKMTS;YD_STOCK_TRC;TRIGGER;28881106;82;0;0;0.012195121951219513;0
1;TKMTS;YD_STOCKUNITCODE_TRC;TRIGGER;28881112;82;0;0;0.012195121951219513;0
1;TKMTS;YD_CONTRACT;TRIGGER;28881117;76;0;0;0.013157894736842105;0
1;TKMTS;YD_STOCKSUBSERVICECODE_TRC;TRIGGER;28881122;76;0;0;0.013157894736842105;0
1;TKMTS;YD_RULECODE_TRC;TRIGGER;28881123;86;0;0;0.011627906976744186;0
1;TKMTS;OD_TRAGENCYSTOCK_FAVORITE_TRC;TRIGGER;30196949;76;0;0;0.013157894736842105;0
1;TKMTS;VW_BI_CLIENTPORTFOLIO_V2;VIEW;28824835;0;1;3;0;0.75
1;TKMTS;TR_BIU_GD_STOCKUNITCODE;TRIGGER;29118725;242;0;0;0.004132231404958678;0
1;TKMTS;MVW_STATEMENT_BOARDS;MATERIALIZED VIEW;28893001;0;0;0;0;0
1;TKMTS;VW_FLIGHTS_PER_DAY2;VIEW;28830919;0;0;0;0;0
1;TKMTS;BO_ITEM_PAX_TRC_SSD;TRIGGER;28852154;83;0;0;0.012048192771084338;0
1;TKMTS;TR_CO_STAYCONDITION_CTRY;TRIGGER;30317303;25;0;3;0.04;1.0
1;TKMTS;CO_STAYCONDITION_TRC;TRIGGER;30317301;71;0;0;0.014084507042253521;0
1;TKMTS;BO_HISTORYDETAIL_TRC;TRIGGER;30317340;71;0;0;0.014084507042253521;0
1;TKMTS;PAC_ESBCOMMMESSAGESTAT;PACKAGE BODY;28850079;105;0;2;0.009523809523809525;1.0
1;TKMTS;PAC_ESBCOMMMESSAGESTAT;PACKAGE;28850078;105;1;0;0.009523809523809525;0.0
1;TKMTS;PAC_TK_TASK;PACKAGE;28835113;147;1;0;0.006802721088435374;0.0
1;TKMTS;PAC_TK_TASK;PACKAGE BODY;28835114;147;0;4;0.006802721088435374;1.0
1;TKMTS;BO_HISTORY_TRC;TRIGGER;28904590;71;0;0;0.014084507042253521;0
1;TKMTS;OD_STOCK_NBC_UNIT_LIST_TRC;TRIGGER;28830367;60;0;0;0.016666666666666666;0
1;TKMTS;OD_TA_VOUCHERSTOCK_TRC;TRIGGER;28830359;82;0;0;0.012195121951219513;0
1;TKMTS;CO_POINTLOCATIONGROUP_PLGCHECK;TRIGGER;28845782;74;0;0;0.013513513513513514;0
1;TKMTS;CO_POINTLOCATIONGROUP_PLG_TRC;TRIGGER;28845783;82;0;0;0.012195121951219513;0
1;TKMTS;F_GET_OIGPS;FUNCTION;28846049;29;0;0;0.034482758620689655;0
1;TKMTS;CO_SUBALLOTMENTQTY2_TRC;TRIGGER;30027957;84;0;0;0.011904761904761904;0
1;TKMTS;TR_CO_SUBALLOTMENTQTY_CTRY2;TRIGGER;30027959;34;0;3;0.029411764705882353;1.0
1;TKMTS;CO_SUBALLOTMENTQTYSTAHIS2_TRC;TRIGGER;30027963;82;0;0;0.012195121951219513;0
1;TKMTS;CO_STAYCONDSTATUSHIS_TRC;TRIGGER;30320067;71;0;0;0.014084507042253521;0
1;TKMTS;CO_STOCKUNITSBSERPRICELINE_TRC;TRIGGER;30320085;69;0;0;0.014492753623188406;0
1;TKMTS;F_GETMD5CHECKSUM;FUNCTION;28946145;9;0;0;0.1111111111111111;0
1;TKMTS;OD_CLIENT_EBPREPAYSETTING_TRC;TRIGGER;28986590;82;0;0;0.012195121951219513;0
1;TKMTS;TR_AU_OD_CLIENT_LOG;TRIGGER;28986690;136;0;0;0.007352941176470588;0
1;TKMTS;OD_CLIENT_MARKETGROUP_TRC;TRIGGER;28986699;82;0;0;0.012195121951219513;0
1;TKMTS;TR_AIU_OD_CLIENT_MARKETGROUP;TRIGGER;28986701;72;0;3;0.013888888888888888;1.0
1;TKMTS;TR_AIU_MB_ITEM_STATUS;TRIGGER;28986702;38;0;0;0.02631578947368421;0
1;TKMTS;CO_PRICELINE_CONTRACTLIST_TRC;TRIGGER;28971866;76;0;0;0.013157894736842105;0
1;TKMTS;CO_PRICELINE_PROVIDERLIST_TRC;TRIGGER;28971871;76;0;0;0.013157894736842105;0
1;TKMTS;CO_PRICELINE_STOCKLIST_TRC;TRIGGER;28971877;76;0;0;0.013157894736842105;0
1;TKMTS;MVW_STATEMENT_ROOMS;MATERIALIZED VIEW;29001686;0;0;0;0;0
1;TKMTS;OD_TRAVELAGENCYSTOCK_TRC;TRIGGER;29001693;76;0;0;0.013157894736842105;0
1;TKMTS;TR_BIU_OD_TRAVELAGENCY_AGENT;TRIGGER;29001842;58;0;0;0.017241379310344827;0
1;TKMTS;GRP_FLEET_ENTRANCE_TRC;TRIGGER;29048307;66;0;0;0.015151515151515152;0
1;TKMTS;GRP_FLEET_COST_TRC;TRIGGER;29048313;66;0;0;0.015151515151515152;0
1;TKMTS;GRP_FLEET_FUEL_COST_TRC;TRIGGER;29048318;66;0;0;0.015151515151515152;0
1;TKMTS;GRP_FLEET_FUEL_RECEIPT_TRC;TRIGGER;29048323;66;0;0;0.015151515151515152;0
1;TKMTS;MVW_STATEMENT_PICTURES;MATERIALIZED VIEW;29048330;0;0;0;0;0
1;TKMTS;BO_GUESTCOMPLAINT_TRC;TRIGGER;29048332;82;0;0;0.012195121951219513;0
1;TKMTS;TR_BIU_GUESTCOMPLAINT_USERID;TRIGGER;29048333;28;0;0;0.03571428571428571;0
1;TKMTS;F_GET_ACCUMULATE;FUNCTION;29061447;25;0;0;0.04;0
1;TKMTS;PAC_ESB_EPC;PACKAGE BODY;29045126;3050;0;6;0.0003278688524590164;1.0
1;TKMTS;PAC_ESB_EPC;PACKAGE;29045125;3050;6;0;0.0003278688524590164;0.0
1;TKMTS;BO_GUESTCOMPLAINTCONCEPT_TRC;TRIGGER;29048346;82;0;0;0.012195121951219513;0
1;TKMTS;BO_GUESTCOMPLAINTLOGACTION_TRC;TRIGGER;29048355;82;0;0;0.012195121951219513;0
1;TKMTS;P_RESTART_EPC_SERVER;PROCEDURE;29042740;56;0;0;0.017857142857142856;0
1;TKMTS;STRIPHTML;FUNCTION;29049980;5;0;0;0.2;0
1;TKMTS;P_BI_ALLOTMENTCHANGESLOG;PROCEDURE;29114718;137;0;1;0.0072992700729927005;1.0
1;TKMTS;OD_STOCK_REVIEW_TRC;TRIGGER;29313146;82;0;0;0.012195121951219513;0
1;TKMTS;TR_BI_ESB_COMMMESSAGE_CHECKSUM;TRIGGER;29969156;24;0;0;0.041666666666666664;0
1;TKMTS;ESB_COMMMESSAGE_PART_TRC;TRIGGER;29969157;69;0;0;0.014492753623188406;0
1;TKMTS;TR_BIU_GUESTCOMPLAINT_BOITEM;TRIGGER;29068713;58;0;0;0.017241379310344827;0
1;TKMTS;CO_RELEASEQTY_TRC;TRIGGER;30316463;71;0;0;0.014084507042253521;0
1;TKMTS;CO_CLIENTVISSTATUSHIS_TRC;TRIGGER;30316478;71;0;0;0.014084507042253521;0
1;TKMTS;CO_CONTRACTSTATUSHIS_TRC;TRIGGER;30316492;71;0;0;0.014084507042253521;0
1;TKMTS;MAB_LOBS;PROCEDURE;30209296;38;0;0;0.02631578947368421;0
1;TKMTS;VW_STATEMENT_SERVICECODES;VIEW;29084233;0;0;0;0;0
1;TKMTS;CO_RELEASELINE_POINTLOLIST_TRC;TRIGGER;29084241;76;0;0;0.013157894736842105;0
1;TKMTS;CO_STAYCOND_POINTLOLIST_TRC;TRIGGER;29084247;76;0;0;0.013157894736842105;0
1;TKMTS;OD_TRAVELAGENCYCLIENT_TRC;TRIGGER;29084252;76;0;0;0.013157894736842105;0
1;TKMTS;TR_BIU_OD_PROVS_CODE_CK;TRIGGER;30408818;69;0;0;0.014492753623188406;0
1;TKMTS;TR_CO_RATEPLAN_TRC;TRIGGER;30253977;76;0;0;0.013157894736842105;0
1;TKMTS;TR_CO_RATEPLANSOURCEMARKET_TRC;TRIGGER;30253982;76;0;0;0.013157894736842105;0
1;TKMTS;TR_CO_RATEPLANCLIENT_TRC;TRIGGER;30253987;76;0;0;0.013157894736842105;0
1;TKMTS;VW_CONTRACTUNITS_ALLOWED_YIELD;VIEW;29119112;0;0;0;0;0
1;TKMTS;PAC_ZONE;PACKAGE;29350849;4736;14;0;0.00021114864864864866;0.0
1;TKMTS;PAC_ZONE;PACKAGE BODY;29350850;4736;0;9;0.00021114864864864866;1.0
1;TKMTS;PAC_DYNAMIC_QUERY_AVAILABILITY;PACKAGE;29350942;2776;1;0;0.00036023054755043225;0.0
1;TKMTS;PAC_DYNAMIC_QUERY_AVAILABILITY;PACKAGE BODY;29350943;2776;0;2;0.00036023054755043225;1.0
1;TKMTS;YD_EDITIONSTATUSHIS_TRC;TRIGGER;29350947;84;0;0;0.011904761904761904;0
1;TKMTS;TR_AUI_YD_EDITIONSTATUSHIS;TRIGGER;29350948;46;0;0;0.021739130434782608;0
1;TKMTS;PAC_TRANSFORMER_CONTRACT_UTILS;PACKAGE;29350954;2050;2;0;0.0004878048780487805;0.0
1;TKMTS;PAC_TRANSFORMER_CONTRACT_UTILS;PACKAGE BODY;29350955;2050;0;3;0.0004878048780487805;1.0
1;TKMTS;OD_STOCK_ZONE_SETUP_PICKUP_TRC;TRIGGER;29350988;76;0;0;0.013157894736842105;0
1;TKMTS;PAC_DYNAMIC_QUERY_BOOKING_EXT;PACKAGE BODY;29123176;5059;0;2;0.000197667523225934;1.0
1;TKMTS;PAC_DYNAMIC_QUERY_BOOKING_EXT;PACKAGE;29123175;5059;1;0;0.000197667523225934;0.0
1;TKMTS;TR_BU_CO_CONTRACTUNIT_OLDSBS;TRIGGER;29988071;58;0;1;0.017241379310344827;1.0
1;TKMTS;TR_AIU_ESB_PUB_CO_EVENTHIS;TRIGGER;29135690;34;0;0;0.029411764705882353;0
1;TKMTS;MVW_STATEMENT_HOTELS;MATERIALIZED VIEW;30097148;0;0;4;0;1.0
1;TKMTS;TR_GRP_HISTORY_TRC;TRIGGER;30314522;68;0;0;0.014705882352941176;0
1;TKMTS;TR_GRP_HISTORYLOG_TRC;TRIGGER;30314628;68;0;0;0.014705882352941176;0
1;TKMTS;PAC_DYNAMIC_QUERY_DASHBOARD;PACKAGE BODY;30375987;3642;0;2;0.0002745744096650192;1.0
1;TKMTS;PAC_DYNAMIC_QUERY_DASHBOARD;PACKAGE;30375981;3642;1;0;0.0002745744096650192;0.0
1;TKMTS;CO_ITINERARY_GD_POLOCGROUP_TRC;TRIGGER;30326435;76;0;0;0.013157894736842105;0
1;TKMTS;TR_BIU_CO_ITI_POLOCGROUP_CHECK;TRIGGER;30326437;84;0;0;0.011904761904761904;0
1;TKMTS;PAC_DYNAMIC_QUERY_BOOKING_RI;PACKAGE;30404834;8402;1;0;0.00011901928112354201;0.0
1;TKMTS;TR_BIU_OD_GROUPSTOCK_CHECK_NSC;TRIGGER;29162872;28;0;0;0.03571428571428571;0
1;TKMTS;TR_BIU_OD_COM_CONDITION_IT_PRO;TRIGGER;30350620;73;0;0;0.0136986301369863;0
1;TKMTS;TR_AIU_CO_SEASONSTATUSHIS;TRIGGER;2999205;20;0;0;0.05;0
1;TKMTS;CO_ISSUE_TRC;TRIGGER;2999229;82;0;0;0.012195121951219513;0
1;TKMTS;OD_STOCK_ZONE_SETUP_TRC;TRIGGER;29252392;76;0;0;0.013157894736842105;0
1;TKMTS;F_MINUTES_TO_HOURS;FUNCTION;29252394;28;3;0;0.03571428571428571;0.0
1;TKMTS;PAC_XML_CLIENTVISIBILITY;PACKAGE BODY;29241464;2728;0;14;0.00036656891495601173;1.0
1;TKMTS;PAC_XML_CLIENTVISIBILITY;PACKAGE;29241463;2728;6;0;0.00036656891495601173;0.0
1;TKMTS;CO_AVAILABILITY_ACTION_TRC;TRIGGER;29308294;82;0;0;0.012195121951219513;0
1;TKMTS;CO_AVAILABILITY_TYPE_TRC;TRIGGER;29308298;82;0;0;0.012195121951219513;0
1;TKMTS;CO_AVAILABILITY_TRC;TRIGGER;29308316;82;0;0;0.012195121951219513;0
1;TKMTS;TR_CO_RATEPLANSOURCECOUNTR_TRC;TRIGGER;30254000;76;0;0;0.013157894736842105;0
1;TKMTS;CO_PRICELINE_RATEPLAN_TRC;TRIGGER;30254007;76;0;0;0.013157894736842105;0
1;TKMTS;OD_CLIENT_RATEPLANEXCLUDED_TRC;TRIGGER;30254017;76;0;0;0.013157894736842105;0
1;TKMTS;TR_AIU_SD_RESORT_POINTLOCGROUP;TRIGGER;30254019;54;0;1;0.018518518518518517;1.0
1;TKMTS;TR_AIU_GD_POINTLOCATIONGROUP;TRIGGER;30254020;40;0;1;0.025;1.0
1;TKMTS;TR_BU_OD_CLIENT_SYNC_PORTFOLIO;TRIGGER;30254026;73;0;0;0.0136986301369863;0
1;TKMTS;PAC_FLOW_CLIENT;PACKAGE;30254027;170;1;0;0.0058823529411764705;0.0
1;TKMTS;PAC_FLOW_CLIENT;PACKAGE BODY;30254028;170;0;3;0.0058823529411764705;1.0
1;TKMTS;GEO_POSTALCODE_TRC;TRIGGER;30254043;76;0;0;0.013157894736842105;0
1;TKMTS;TR_BIU_BO_ITEM_MEETINGPOINT;TRIGGER;29262180;132;0;2;0.007575757575757576;1.0
1;TKMTS;QA_DVLP_MIGRATE_CONTRACT;PROCEDURE;30118500;120;0;3;0.008333333333333333;1.0
1;TKMTS;F_GET_DATE_TO_XMLDATE_WO_TZONE;FUNCTION;29308282;48;5;0;0.020833333333333332;0.0
1;TKMTS;OD_STOCK_XML_GENERATED_TRC;TRIGGER;29308250;82;0;0;0.012195121951219513;0
1;TKMTS;PAC_XML_GENERATED;PACKAGE;29308251;550;3;0;0.0018181818181818182;0.0
1;TKMTS;PAC_XML_GENERATED;PACKAGE BODY;29308252;550;0;4;0.0018181818181818182;1.0
1;TKMTS;BO_ITEM_AVAILABILITY_TRC;TRIGGER;29308256;76;0;0;0.013157894736842105;0
1;TKMTS;CO_AVAILABILITY_CATEGORY_TRC;TRIGGER;29308288;82;0;0;0.012195121951219513;0
1;TKMTS;CO_PRICELINE_POINTLOLISTTO_TRC;TRIGGER;30202936;82;0;0;0.012195121951219513;0
1;TKMTS;OD_STOCKFLIGHTCOMBINATION_TRC;TRIGGER;30404659;76;0;0;0.013157894736842105;0
1;TKMTS;OD_STOCKFLIGHT_COMB_DETAIL_TRC;TRIGGER;30404666;76;0;0;0.013157894736842105;0
1;TKMTS;F_HOURS_TO_MINUTES;FUNCTION;30404668;32;0;0;0.03125;0
1;TKMTS;TR_AU_STOCK_UPDBOOKINGPICKUPS;TRIGGER;30404669;32;0;0;0.03125;0
1;TKMTS;TR_AIU_SZS_UPDBOOKINGPICKUPS;TRIGGER;30404670;52;0;0;0.019230769230769232;0
1;TKMTS;TR_AIU_SZSP_UPDBOOKINGPICKUPS;TRIGGER;30404671;54;0;0;0.018518518518518517;0
1;TKMTS;VW_CONTRACTUNITS_TEST_MIKI;VIEW;30081103;0;0;0;0;0
1;TKMTS;CO_CONTRACTUNITSTATUSHIS_TRC;TRIGGER;30320238;71;0;0;0.014084507042253521;0
1;TKMTS;CO_ALLOTMENTSTATUSHIS_TRC;TRIGGER;30320252;71;0;0;0.014084507042253521;0
1;TKMTS;SL_STOPSALESTATUSHIS_TRC;TRIGGER;30310308;71;0;0;0.014084507042253521;0
1;TKMTS;PAC_CONTRACT_COPY;PACKAGE;30161474;10056;1;0;9,94E+09;0.0
1;TKMTS;PAC_CONTRACT_COPY;PACKAGE BODY;30161475;10056;0;20;9,94E+09;1.0
1;TKMTS;TR_AIU_VOUCHERTYPE;TRIGGER;30381627;36;0;0;0.027777777777777776;0
1;TKMTS;CO_RATEPLANSTATUSHIS_TRC;TRIGGER;30254057;82;0;0;0.012195121951219513;0
1;TKMTS;TR_AIU_CO_RATEPLANSTATUSHIS;TRIGGER;30254058;36;0;0;0.027777777777777776;0
1;TKMTS;TR_AU_OD_RATEPLAN_LOG;TRIGGER;30254063;94;0;0;0.010638297872340425;0
1;TKMTS;TR_AU_CO_CONTRACT_AVAIL_PERIOD;TRIGGER;30253898;113;0;3;0.008849557522123894;1.0
1;TKMTS;VW_STATEMENT_CLIENTS;VIEW;30069047;0;1;0;0;0.0
1;TKMTS;MVW_STATEMENT_CLIENTS;MATERIALIZED VIEW;30069050;0;0;1;0;1.0
1;TKMTS;TR_CO_RELEASEQTY_CTRY;TRIGGER;30316462;25;0;3;0.04;1.0
1;TKMTS;CO_PRICELINESTATUSHIS_TRC;TRIGGER;30320316;69;0;0;0.014492753623188406;0
1;TKMTS;TMP$$_ESB_COMMCONTROL_TRC0;TRIGGER;2999509;42;0;0;0.023809523809523808;0
1;TKMTS;ESB_COMMCONTROL_TRC;TRIGGER;30521006;71;0;0;0.014084507042253521;0
1;TKMTS;TR_BU_CO_PRICELINE_RATE_CK;TRIGGER;30497182;44;0;0;0.022727272727272728;0
1;TKMTS;PAC_MIGRATION_RI;PACKAGE;30487133;485;1;0;0.002061855670103093;0.0
1;TKMTS;F_GET_MEETINGPOINT;FUNCTION;30494056;70;0;0;0.014285714285714285;0
1;TKMTS;PAC_ZONE_RI;PACKAGE;30497933;2351;1;0;0.0004253509145044662;0.0
1;TKMTS;PAC_ZONE_RI;PACKAGE BODY;30497934;2351;0;10;0.0004253509145044662;1.0
1;TKMTS;TR_LOG_CO_CONTRACTUNIT;TRIGGER;30502676;264;0;0;0.003787878787878788;0
1;TKMTS;PAC_ESB_EPA;PACKAGE;30502705;1658;1;0;0.0006031363088057901;0.0
1;TKMTS;PAC_ESB_EPA;PACKAGE BODY;30502706;1658;0;4;0.0006031363088057901;1.0
1;TKMTS;TR_AIU_STOCKPICKUPPOINT_PICKUP;TRIGGER;30508988;74;0;1;0.013513513513513514;1.0
1;TKMTS;TR_AU_OD_COM_CONDITION;TRIGGER;30520841;118;0;0;0.00847457627118644;0
1;TKMTS;PAC_ZONE_RO;PACKAGE;30522878;2559;1;0;0.00039077764751856197;0.0
1;TKMTS;PAC_ZONE_RO;PACKAGE BODY;30522879;2559;0;10;0.00039077764751856197;1.0
1;TKMTS;PAC_COVID19_EMERGENCY_ACTIONS;PACKAGE;30548946;1086;1;0;0.0009208103130755065;0.0
1;TKMTS;PAC_COVID19_EMERGENCY_ACTIONS;PACKAGE BODY;30548952;1086;0;2;0.0009208103130755065;1.0
1;TKMTS;P_CANCEL_BOOKING_COVID19;PROCEDURE;30538847;171;0;1;0.005847953216374269;1.0
1;TKMTS;TR_LOG_CO_AVAILABILITY;TRIGGER;30553541;244;0;0;0.004098360655737705;0
1;TKMTS;TR_LOG_CO_CLIENTVISIBILITY;TRIGGER;30553587;218;0;0;0.0045871559633027525;0
1;TKMTS;VW_CONTRACTUNITS_ALLOWED_ALL;VIEW;30553593;0;1;0;0;0.0
1;TKMTS;TR_LOG_CO_CONTRACT;TRIGGER;30611012;456;0;0;0.0021929824561403508;0
1;TKMTS;MVW_STATEMENT_SERVICECODES;MATERIALIZED VIEW;30587186;0;0;0;0;0
1;TKMTS;BO_ITEM_CXL_TRC;TRIGGER;30638542;60;0;0;0.016666666666666666;0
1;TKMTS;PAC_ESB_NOTIFY_RI;PACKAGE BODY;30621713;1824;0;3;0.0005482456140350877;1.0
1;TKMTS;PAC_ESB_NOTIFY_RI;PACKAGE;30621712;1824;2;0;0.0005482456140350877;0.0
1;TKMTS;PAC_FLOW_EXCHANGERATE_RI;PACKAGE;30621714;96;1;0;0.010416666666666666;0.0
1;TKMTS;PAC_FLOW_EXCHANGERATE_RI;PACKAGE BODY;30621715;96;0;5;0.010416666666666666;1.0
1;TKMTS;PAC_ESB_NOTIFY_RI2;PACKAGE;30622561;1797;2;0;0.0005564830272676684;0.0
1;TKMTS;PAC_ESB_NOTIFY_RI2;PACKAGE BODY;30622562;1797;0;3;0.0005564830272676684;1.0
1;TKMTS;PAC_FLOW_EXCHANGERATE_RI2;PACKAGE;30622563;94;1;0;0.010638297872340425;0.0
1;TKMTS;PAC_FLOW_EXCHANGERATE_RI2;PACKAGE BODY;30622564;94;0;5;0.010638297872340425;1.0
1;TKMTS;MVW_STATEMENT_STOCKSERVICES;MATERIALIZED VIEW;30627772;0;0;1;0;1.0
1;TKMTS;TR_AI_BO_ITEM_PAX_QUICKSEARCH;TRIGGER;30637333;51;0;0;0.0196078431372549;0
1;TKMTS;TR_AI_BO_ITEM_QUICKSEARCH;TRIGGER;30637334;54;0;0;0.018518518518518517;0
1;TKMTS;PAC_CONTRACT_BREAKLINE_RO;PACKAGE;30638586;4105;1;0;0.000243605359317905;0.0
1;TKMTS;PAC_CONTRACT_BREAKLINE_RO;PACKAGE BODY;30638932;4105;0;10;0.000243605359317905;1.0
1;TKMTS;TR_AIU_POINTLOCGROUP_CHECK;TRIGGER;30669126;52;0;0;0.019230769230769232;0
1;TKMTS;PAC_DYNAMIC_QUERY_INBOX_RI;PACKAGE;30655487;2188;1;0;0.0004570383912248629;0.0
1;TKMTS;PAC_XML_CLIENTVISIBILITY_RI;PACKAGE BODY;30663518;1264;0;12;0.0007911392405063291;1.0
1;TKMTS;PAC_XML_CLIENTVISIBILITY_RI;PACKAGE;30663524;1264;1;0;0.0007911392405063291;0.0
1;TKMTS;PAC_XML_CLIENTVISIBILITY_RI2;PACKAGE;30677039;1139;1;0;0.000877963125548727;0.0
1;TKMTS;PAC_XML_CLIENTVISIBILITY_RI2;PACKAGE BODY;30677041;1139;0;12;0.000877963125548727;1.0
1;TKMTS;TR_BU_CO_CONTRACT_PUBLISH_AU;TRIGGER;30702113;41;0;0;0.024390243902439025;0
1;TKMTS;MVW_STATEMENT_CXLCONTRACT;MATERIALIZED VIEW;30711508;0;0;2;0;1.0
1;TKMTS;MVW_STATEMENT_AREAS;MATERIALIZED VIEW;30741485;0;0;0;0;0
1;TKMTS;PAC_XML_CONTRACT_RI;PACKAGE;30783442;9125;1;0;0.00010958904109589041;0.0
1;TKMTS;PAC_XML_CONTRACT_RI;PACKAGE BODY;30783443;9125;0;22;0.00010958904109589041;1.0
1;TKMTS;PAC_MAINTENANCE_UTILS;PACKAGE;30788136;3111;1;0;0.0003214400514304082;0.0
1;TKMTS;PAC_MAINTENANCE_UTILS;PACKAGE BODY;30788137;3111;0;6;0.0003214400514304082;1.0
1;TKMTS;TR_AUD_LOG_MAINTENANCE_TRC;TRIGGER;30788139;76;0;0;0.013157894736842105;0
1;TKMTS;PAC_DYNAMIC_QUERY_GROUPING_RI;PACKAGE BODY;30852647;4067;0;3;0.00024588148512417015;1.0
1;TKMTS;PAC_DYNAMIC_QUERY_GROUPING_RI;PACKAGE;30852646;4067;1;0;0.00024588148512417015;0.0
1;TKMTS;PAC_ESB_EPA_RI;PACKAGE;30834647;728;1;0;0.0013736263736263737;0.0
1;TKMTS;PAC_ESB_EPA_RI;PACKAGE BODY;30834646;728;0;4;0.0013736263736263737;1.0
1;TKMTS;TR_AD_SZS_UPDBOOKINGPICKUPS;TRIGGER;30824041;36;0;0;0.027777777777777776;0
1;TKMTS;TR_BD_SZSP_UPDBOOKINGPICKUPS;TRIGGER;30824042;30;0;1;0.03333333333333333;1.0
1;TKMTS;OD_STOCKEXTRA_NBC_NOTES_TRC;TRIGGER;31043798;76;0;0;0.013157894736842105;0
1;TKMTS;TR_OD_MEETING_TRC;TRIGGER;30888403;76;0;0;0.013157894736842105;0
1;TKMTS;TR_OD_MEETINGSCOPE_TRC;TRIGGER;30888410;76;0;0;0.013157894736842105;0
1;TKMTS;P_CREATE_STOPSALES_PERSTOCK;PROCEDURE;30894437;147;0;0;0.006802721088435374;0
1;TKMTS;ESB_PUBLICATION_AVAIL_TRC2;TRIGGER;30889356;39;0;0;0.02564102564102564;0
1;TKMTS;TR_BIU_BO_ITEM_FILLUP_DEFAULT_GD_CODETYPE;TRIGGER;30897398;50;0;0;0.02;0
1;TKMTS;TR_AU_ISO_COUNTRY_ENTITY;TRIGGER;31002714;34;0;0;0.029411764705882353;0
1;TKMTS;TR_AU_IATA_AIRPORTLNG_ENTITY;TRIGGER;31002715;62;0;0;0.016129032258064516;0
1;TKMTS;TR_AU_ISO_COUNTRYLNG_ENTITY;TRIGGER;31002716;62;0;0;0.016129032258064516;0
1;TKMTS;TR_AU_SD_DESTINATION_ENTITY;TRIGGER;31002717;34;0;0;0.029411764705882353;0
1;TKMTS;TR_AU_SD_REGION_ENTITY;TRIGGER;31002718;34;0;0;0.029411764705882353;0
1;TKMTS;TR_AU_SD_RESORT_ENTITY;TRIGGER;31002719;34;0;0;0.029411764705882353;0
1;TKMTS;TR_AU_GD_LCODE_ENTITY;TRIGGER;31002720;34;0;0;0.029411764705882353;0
1;TKMTS;TR_AU_GD_LCODELNG_ENTITY;TRIGGER;31002721;64;0;0;0.015625;0
1;TKMTS;TR_AU_IATA_AIRPORT_ENTITY;TRIGGER;31002722;34;0;0;0.029411764705882353;0
1;TKMTS;TR_BIU_CO_CONTRACT_FILLUP_DEFAULT_FIELDS;TRIGGER;30933504;54;0;0;0.018518518518518517;0
1;TKMTS;TR_BU_CO_CONTRACTUNIT_OLDDISCARDEDDATE;TRIGGER;30938424;58;0;1;0.017241379310344827;1.0
1;TKMTS;PAC_DYNAMIC_QUERY_INBOX_RI;PACKAGE BODY;30956985;2188;0;2;0.0004570383912248629;1.0
1;TKMTS;PAC_DYNAMIC_QUERY_INBOX_AL;PACKAGE BODY;30957932;2197;0;2;0.0004551661356395084;1.0
1;TKMTS;PAC_DYNAMIC_QUERY_INBOX_AL;PACKAGE;30957931;2197;1;0;0.0004551661356395084;0.0
1;TKMTS;TR_BIU_CO_CONTRACT_FILLUP_DEFAULT_GD_CODETYPE;TRIGGER;30985572;54;0;0;0.018518518518518517;0
1;TKMTS;P_DELETE_EDITIONS_CO_NSC;PROCEDURE;31018455;94;1;2;0.010638297872340425;0.6666666666666666
1;TKMTS;TR_AU_BO_ITEM_QUICKSEARCH;TRIGGER;30992093;36;0;0;0.027777777777777776;0
1;TKMTS;CO_MB_ITEM_TRC;TRIGGER;31042628;76;0;0;0.013157894736842105;0
1;TKMTS;CO_MB_ITEM_XML_TRC;TRIGGER;31042630;76;0;0;0.013157894736842105;0
1;TKMTS;CO_MB_ITEM_LOG_TRC;TRIGGER;31042634;76;0;0;0.013157894736842105;0
1;TKMTS;CO_MB_ITEM_STATUSHIS_TRC;TRIGGER;31042638;82;0;0;0.012195121951219513;0
1;TKMTS;TR_AIU_CO_MB_ITEM_STATUSHIS;TRIGGER;31042639;40;0;0;0.025;0
1;TKMTS;PAC_CONTRACT_INBOX;PACKAGE;31042640;1651;2;0;0.0006056935190793458;0.0
1;TKMTS;PAC_CONTRACT_INBOX;PACKAGE BODY;31042641;1651;0;5;0.0006056935190793458;1.0
1;TKMTS;PAC_DYNAMIC_QUERY_CONTRACT_INBOX;PACKAGE;31042642;2416;1;0;0.0004139072847682119;0.0
1;TKMTS;PAC_DYNAMIC_QUERY_CONTRACT_INBOX;PACKAGE BODY;31042643;2416;0;2;0.0004139072847682119;1.0
1;TKMTS;GEO_STATE_TRC;TRIGGER;31002625;60;0;0;0.016666666666666666;0
1;TKMTS;GEO_PROVINCE_TRC;TRIGGER;31002628;60;0;0;0.016666666666666666;0
1;TKMTS;GEO_COMMUNITY_TRC;TRIGGER;31002631;60;0;0;0.016666666666666666;0
1;TKMTS;GEO_LOCATION_TRC;TRIGGER;31002634;60;0;0;0.016666666666666666;0
1;TKMTS;PAC_DYNAMIC_QUERY_BOOKING_AL;PACKAGE;30990503;8322;1;0;0.0001201634222542658;0.0
1;TKMTS;PAC_DYNAMIC_QUERY_BOOKING_AL;PACKAGE BODY;30990504;8322;0;4;0.0001201634222542658;1.0
1;TKMTS;TR_LOG_CO_PRICELINE;TRIGGER;30991305;813;0;0;0.0012300123001230013;0
1;TKMTS;TR_LOG_CO_PRICERATE;TRIGGER;30991306;238;0;0;0.004201680672268907;0
1;TKMTS;TR_BU_CO_CONTRACT_CHANGES_DATES_SYNC_PORTFOLIO;TRIGGER;30996926;36;0;0;0.027777777777777776;0
1;TKMTS;ESB_PUBLICATION_CLIENTVISIBILITY_TRC;TRIGGER;31002594;68;0;0;0.014705882352941176;0
1;TKMTS;PAC_ESB_CLIENTVISIBILITY;PACKAGE;31002615;549;1;0;0.0018214936247723133;0.0
1;TKMTS;PAC_ESB_CLIENTVISIBILITY;PACKAGE BODY;31002616;549;0;4;0.0018214936247723133;1.0
1;TKMTS;TR_NBC_PICS_DETAIL_TYPE_TRC;TRIGGER;31002620;78;0;0;0.01282051282051282;0
1;TKMTS;TR_OD_STOCK_NBC_PICS_DETAIL_TRC;TRIGGER;31002624;78;0;0;0.01282051282051282;0
1;TKMTS;VW_TR_CONVERSION_CODES;VIEW;31004256;0;0;0;0;0
1;TKMTS;TR_AIU_OD_CLIRATEPLANEXC_ISNEEDEDSYNCPORT;TRIGGER;31019333;36;0;0;0.027777777777777776;0
1;TKMTS;TR_CO_VCC_SETTING_TRC;TRIGGER;31024320;76;0;0;0.013157894736842105;0
1;TKMTS;PAC_FLOW_CONTRACT_QUI;PACKAGE;31054266;1195;1;1;0.0008368200836820083;0.5
1;TKMTS;PAC_FLOW_CONTRACT_QUI;PACKAGE BODY;31054267;1195;0;11;0.0008368200836820083;1.0
1;TKMTS;P_REPORT_TROUT_WITHOUT_PICKUP;PROCEDURE;31231875;91;0;1;0.01098901098901099;1.0
1;TKMTS;TR_CO_DESCRIPTION_TRC;TRIGGER;31079423;76;0;0;0.013157894736842105;0
1;TKMTS;TR_CO_DESCRIPTIONLNG_TRC;TRIGGER;31079424;76;0;0;0.013157894736842105;0
1;TKMTS;PAC_CONTRACT_EXTENDED_RO;PACKAGE BODY;31092704;1573;0;11;0.0006357279084551812;1.0
1;TKMTS;PAC_CONTRACT_RO;PACKAGE BODY;31092705;10256;0;20;9,75E+10;1.0
1;TKMTS;P_AVAILSITEMS_SET_STATUS_ONSALE;PROCEDURE;31102329;36;0;2;0.027777777777777776;1.0
1;TKMTS;UI_AU_USER_PSWD;TRIGGER;31134644;26;0;1;0.038461538461538464;1.0
1;TKMTS;AU_USER_PWDHIS_TRC;TRIGGER;31134648;60;0;0;0.016666666666666666;0
1;TKMTS;AU_USER_BLOCKEDHIS_TRC;TRIGGER;31134653;60;0;0;0.016666666666666666;0
1;TKMTS;TR_AIU_AU_USER_STORE_PWD_HISTORY;TRIGGER;31134654;44;0;0;0.022727272727272728;0
1;TKMTS;TR_BIU_CLIENTVISIBILITY_DEFAULT_GD_CODETYPE;TRIGGER;31134698;40;0;0;0.025;0
1;TKMTS;RANDOM_STRING;FUNCTION;31113865;13;0;0;0.07692307692307693;0
1;TKMTS;OD_PRODUCT_PLANNING_TRC;TRIGGER;31124059;68;0;0;0.014705882352941176;0
1;TKMTS;TR_OD_MEDIAPLAN_TRC;TRIGGER;31124063;76;0;0;0.013157894736842105;0
1;TKMTS;FIN_LOCATION_TRC;TRIGGER;31131287;66;0;0;0.015151515151515152;0
1;TKMTS;AU_TOKEN_TRC;TRIGGER;31134586;78;0;0;0.01282051282051282;0
1;TKMTS;PAC_AVAILABILITY_Q;PACKAGE;31135508;2505;1;1;0.0003992015968063872;0.5
1;TKMTS;PAC_AVAILABILITY_Q;PACKAGE BODY;31135509;2505;0;9;0.0003992015968063872;1.0
1;TKMTS;TR_BIU_SZSP_STOCKPOINTLOCATION_CHECK_FK;TRIGGER;31163294;42;0;0;0.023809523809523808;0
1;TKMTS;PAC_DYNAMIC_QUERY_BOOKING_RI;PACKAGE BODY;31141120;8402;0;4;0.00011901928112354201;1.0
1;TKMTS;TR_AIU_OD_CLI_ST_CXL_DESTI_ISNEEDEDSYNCPORT;TRIGGER;31141880;38;0;0;0.02631578947368421;0
1;TKMTS;F_GET_STOCK_COUNTRY;FUNCTION;31169899;17;0;0;0.058823529411764705;0
1;TKMTS;VW_CONTRACTUNITS_ALLOWED_XX;VIEW;31186922;0;1;0;0;0.0
1;TKMTS;TR_AUD_FIN_FISCALCHARGEVAL_TRC;TRIGGER;31186932;76;0;0;0.013157894736842105;0
1;TKMTS;TR_AUD_FIN_FISCHARGEVAL_AP_TRC;TRIGGER;31186933;76;0;0;0.013157894736842105;0
1;TKMTS;TR_AUD_FISCHARGE_CHARGES_TRC;TRIGGER;31186934;76;0;0;0.013157894736842105;0
1;TKMTS;PAC_DYNAMIC_QUERY_FIN;PACKAGE;31194358;832;1;0;0.001201923076923077;0.0
1;TKMTS;PAC_DYNAMIC_QUERY_FIN;PACKAGE BODY;31194359;832;0;2;0.001201923076923077;1.0
1;TKMTS;TR_BIU_BO_BILLING_DEFAULT_GD_CODETYPE;TRIGGER;31195131;34;0;0;0.029411764705882353;0
1;TKMTS;TR_BIU_OD_STOCK_FILLUP_DEFAULT_GD_CODETYPE;TRIGGER;31195130;36;0;0;0.027777777777777776;0
1;TKMTS;TR_BU_STOCK_CHANGES_LEADING_TO_SYNC_PORTFOLIO;TRIGGER;31313147;19;0;0;0.05263157894736842;0
1;TKMTS;PAC_DYNAMIC_QUERY_ENTITY_RI;PACKAGE;31251924;4669;1;0;0.00021417862497322766;0.0
1;TKMTS;PAC_DYNAMIC_QUERY_ENTITY_RI;PACKAGE BODY;31251925;4669;0;4;0.00021417862497322766;1.0
1;TKMTS;OD_B2CSTEERING_TRC;TRIGGER;31257906;76;0;0;0.013157894736842105;0
1;TKMTS;TR_BIU_OD_B2CSTEERING_DEFAULTVALUES;TRIGGER;31257907;36;0;0;0.027777777777777776;0
1;TKMTS;OD_B2CSTEERINGLNG_TRC;TRIGGER;31257908;76;0;0;0.013157894736842105;0
1;TKMTS;OD_B2CSTEERING_CODE_TRC;TRIGGER;31257909;76;0;0;0.013157894736842105;0
1;TKMTS;OD_B2CSTEERING_CODELNG_TRC;TRIGGER;31257910;76;0;0;0.013157894736842105;0
1;TKMTS;TR_BIU_OD_B2CSTEERING_CODE_DEFAULTVALUES;TRIGGER;31257911;36;0;0;0.027777777777777776;0
1;TKMTS;OD_B2CSTEERING_DETAIL_TRC;TRIGGER;31257912;76;0;0;0.013157894736842105;0
1;TKMTS;OD_B2CSTEERING_DETAIL_DEFAULTVALUES;TRIGGER;31257913;43;0;0;0.023255813953488372;0
1;TKMTS;OD_B2CSTEERING_DETAIL_CHECK;TRIGGER;31257914;63;0;0;0.015873015873015872;0
1;TKMTS;TR_CO_CLIENTVISIBILITY_NOTE;TRIGGER;31258009;76;0;0;0.013157894736842105;0
1;TKMTS;PAC_MIGRATION_RI;PACKAGE BODY;31264038;485;0;8;0.002061855670103093;1.0
1;TKMTS;TR_BIU_GD_TEMPLATETEXT_DEFAULT_GD_CODETYPE;TRIGGER;31271160;18;0;0;0.05555555555555555;0
1;TKMTS;TR_BIU_BO_HEADER_DEFAULT_GD_STATUSFLOWTYPE;TRIGGER;31289010;34;0;0;0.029411764705882353;0
1;TKMTS;OD_B2CCUSTOMER_TRC;TRIGGER;31289030;38;0;0;0.02631578947368421;0
1;TKMTS;TR_BIU_OD_B2CCUSTOMER_DEFAULT_GD_CODETYPE;TRIGGER;31289031;29;0;0;0.034482758620689655;0
1;TKMTS;AIU_ENCRYPT_TRG;TRIGGER;31289032;38;0;1;0.02631578947368421;1.0
1;TKMTS;MVW_STATEMENT_HOTELS2;MATERIALIZED VIEW;31300851;0;0;0;0;0
1;TKMTS;TR_CO_TURNOVER_TRC;TRIGGER;31326258;38;0;0;0.02631578947368421;0
1;TKMTS;TR_LOG_CO_CO_CLIENTVIS_TEMP;TRIGGER;31333357;105;0;0;0.009523809523809525;0
1;TKMTS;CO_CLIENTVCO_CLIENTVIS_TEMP;TRIGGER;31333358;43;0;0;0.023255813953488372;0
1;TKMTS;TR_CO_CLIECO_CLIENTVIS_TEMP;TRIGGER;31333359;73;0;1;0.0136986301369863;1.0
1;TKMTS;TR_AIU_CLICO_CLIENTVIS_TEMP;TRIGGER;31333360;16;0;0;0.0625;0
1;TKMTS;TR_AIUD_COCO_CLIENTVIS_TEMP;TRIGGER;31333361;49;0;1;0.02040816326530612;1.0
1;TKMTS;TR_CAIU_COCO_CLIENTVIS_TEMP;TRIGGER;31333362;93;0;2;0.010752688172043012;1.0
1;TKMTS;TR_BIU_CLICO_CLIENTVIS_TEMP;TRIGGER;31333363;20;0;0;0.05;0
1;TKMTS;TR_BU_CO_CCO_CLIENTVIS_TEMP;TRIGGER;31333364;23;0;0;0.043478260869565216;0
1;TKMTS;TR_BIU_CO_CO_CLIENTVIS_TEMP;TRIGGER;31333365;26;0;0;0.038461538461538464;0
1;TKMTS;TR_BIU_BO_INVOICE_PAYMENT_DEFAULT_GD_CODETYPE;TRIGGER;31337763;21;0;0;0.047619047619047616;0
1;TKMTS;EPA_SETUP_HOST_TRC;TRIGGER;31338542;38;0;0;0.02631578947368421;0
1;TKMTS;EPA_LARGE_CONTRACT_TRC;TRIGGER;31338545;38;0;0;0.02631578947368421;0
1;TKMTS;TR_LOG_EPA_LARGE_CONTRACT;TRIGGER;31340095;45;0;0;0.022222222222222223;0
1;TKMTS;GD_PAYMENTTERM_DETAIL_TRC;TRIGGER;31340535;38;0;0;0.02631578947368421;0
1;TKMTS;GD_PAYMENTTERM_DETAIL_DEFAULT_GD_CODETYPE;TRIGGER;31340536;26;0;0;0.038461538461538464;0
1;TKMTS;OD_STOCK_OP_DETAIL_TRC;TRIGGER;31345972;38;0;0;0.02631578947368421;0
1;TKMTS;TR_BIU_GD_STOCKEXTRACODE_DEFAULT_GD_CODETYPE;TRIGGER;31345973;17;0;0;0.058823529411764705;0
1;TKMTS;TR_CO_PRICELINEOFFERGROUP_TRC;TRIGGER;31363082;38;0;0;0.02631578947368421;0
